sym,date,open,high,low,close,volume,max_value,min_value,pxenter,pxenfee,idx,side,pxexit,pxexfee,exitdate,nholds,grs_bps,net_bps
BNB,6/11/2017,1.5,1.799,0.5,1.571,120615.34,1.799,0.5,1.571,1.572571,4863,1,1.79,1.78821,10/11/2017,4,1394.01655,1371.251282
BNB,24/11/2017,1.5644,1.8187,1.54,1.7292,644218.58,1.8187,1.54,1.712,1.713712,4881,1,2.0526,2.0505474,1/12/2017,7,1989.485981,1965.530964
BNB,1/12/2017,1.95,2.1385,1.8801,2.0527,321456.28,2.1385,1.8801,2.0526,2.0546526,4888,1,3.1518,3.1486482,14/12/2017,13,5355.15931,5324.479671
BNB,14/12/2017,2.7194,3.1521,2.6981,3.1519,998488.09,3.1521,2.6981,3.1518,3.1549518,4901,1,4.2912,4.2869088,22/12/2017,8,3615.077099,3587.874148
BNB,5/1/2018,9.135,16.8172,8.9651,14.8908,2764977.04,16.8172,8.9651,14.8908,14.9056908,4923,1,13.0262,13.0131738,16/1/2018,11,-1252.182556,-1269.660712
BNB,9/2/2018,8.2791,10,8.279,9.86,2406640.35,10,8.279,9.86,9.86986,4958,1,10.4063,10.3958937,14/2/2018,5,554.0567951,532.9697686
BNB,14/2/2018,9.0001,10.65,8.953,10.4096,2568177.67,10.65,8.953,10.4063,10.4167063,4963,1,10.6631,10.6524369,18/2/2018,4,246.7735891,226.300515
BNB,26/2/2018,9.3677,10.0999,9.09,9.9199,1266163.05,10.0999,9.09,9.9199,9.9298199,4975,1,9.3899,9.3805101,6/3/2018,8,-534.2795794,-553.1921077
BNB,23/3/2018,10.0614,11.98,9.5,11.7397,5510835.71,11.98,9.5,11.7158,11.7275158,5000,1,10.1877,10.1775123,29/3/2018,6,-1304.307004,-1321.681016
BNB,2/4/2018,11.0956,12.68,10.9815,12.5996,4507155.16,12.68,10.9815,12.5996,12.6121996,5010,1,12.2098,12.1975902,4/4/2018,2,-309.3749008,-328.7367891
BNB,18/5/2018,12.3679,16.276,12.0001,15.1363,5632069.63,16.276,12.0001,15.0885,15.1035885,5056,1,11.892,11.880108,28/5/2018,10,-2118.500845,-2134.248096
BNB,17/6/2018,15.7883,17.2,15.6951,16.5987,3238566.8,17.2,15.6951,16.6105,16.6271105,5086,1,15.55,15.53445,22/6/2018,5,-638.4515818,-657.1559743
BNB,16/7/2018,12.321,13.4295,12.1525,13.3471,1688449.26,13.4295,12.1525,13.3717,13.3850717,5115,1,12.0701,12.0580299,20/7/2018,4,-973.3990443,-991.434211
BNB,26/7/2018,13.0448,13.6397,12.9008,13.3283,2048038.7,13.6397,12.9008,13.3435,13.3568435,5125,1,13.2057,13.1924943,30/7/2018,4,-103.2712557,-123.0449395
BNB,26/8/2018,10.0997,10.2578,9.7298,10.2158,743828.68,10.2578,9.7298,10.2082,10.2184082,5156,1,9.9978,9.9878022,5/9/2018,10,-206.1088145,-225.6770286
BNB,2/10/2018,9.9811,10.69,9.85,10.3711,1656057.34,10.69,9.85,10.3,10.3103,5193,1,9.3618,9.3524382,11/10/2018,9,-910.8737864,-929.0338787
BNB,15/10/2018,9.5883,11,9.5106,10.5655,2340805.31,11,9.5106,10.5509,10.5614509,5206,1,9.4516,9.4421484,29/10/2018,14,-1041.901639,-1059.799937
BNB,4/11/2018,9.588,9.8974,9.5,9.819,934579.3,9.8974,9.5,9.8084,9.8182084,5226,1,9.4862,9.4767138,12/11/2018,8,-328.493944,-347.8176324
BNB,4/12/2018,5.1294,6.3649,5.0856,5.902,2238490.16,6.3649,5.0856,5.902,5.907902,5256,1,4.8977,4.8928023,6/12/2018,2,-1701.626567,-1718.206734
BNB,17/12/2018,4.6193,5.1271,4.601,5.065,1507154.37,5.1271,4.601,5.065,5.070065,5269,1,5.4432,5.4377568,25/12/2018,8,746.6929911,725.221077
BNB,25/1/2019,6.4555,6.7502,6.4408,6.6899,2583153.38,6.7502,6.4408,6.689,6.695689,5308,1,6.1642,6.1580358,28/1/2019,3,-784.5716849,-802.984129
BNB,5/2/2019,7.1028,7.9715,6.9501,7.8665,4154631.43,7.9715,6.9501,7.8569,7.8647569,5319,1,8.9165,8.9075835,13/2/2019,8,1348.623503,1325.94893
BNB,12/3/2019,14.4133,15.4288,14.1809,15.3333,4049068.39,15.4288,14.1809,15.3459,15.3612459,5354,1,15.9589,15.9429411,16/3/2019,4,399.4552291,378.6770968
BNB,16/3/2019,14.9429,16,14.88,15.9589,3293876.13,16,14.88,15.9589,15.9748589,5358,1,14.3567,14.3423433,21/3/2019,5,-1003.953907,-1021.928025
BNB,31/3/2019,16.9666,17.7386,16.7314,17.5376,3182964.85,17.7386,16.7314,17.5201,17.5376201,5373,1,21.8888,21.8669112,18/4/2019,18,2493.535996,2468.573886
BNB,18/4/2019,19.4757,21.998,19.4333,21.8888,3686092.57,21.998,19.4333,21.8888,21.9106888,5391,1,22.5207,22.4981793,23/4/2019,5,288.6864515,268.1296354
BNB,13/5/2019,20.9026,24,20.7349,23.521,4566012.58,24,20.7349,23.521,23.544521,5416,1,33.0508,33.0177492,26/5/2019,13,4051.613452,4023.5383
BNB,8/6/2019,31.3478,32.2926,31.1071,31.7333,3230284.59,32.2926,31.1071,31.7042,31.7359042,5442,1,30.1174,30.0872826,9/6/2019,1,-500.5015108,-519.4815278
BNB,20/6/2019,35.1764,36.9146,34.3979,36.8381,4152117.65,36.9146,34.3979,36.81,36.84681,5454,1,36.0941,36.0580059,25/6/2019,5,-194.4851942,-214.0766324
BNB,20/7/2019,29.0015,31.46,28.9,31.0932,2871032.06,31.46,28.9,31.1222,31.1533222,5484,1,28.8275,28.7986725,24/7/2019,4,-737.3193412,-755.8261956
BNB,28/10/2019,19.2938,21.15,19.26,19.939,2713065.62,21.15,19.26,19.9379,19.9578379,5584,1,21.3883,21.3669117,13/11/2019,16,727.4587594,706.0252754
BNB,13/11/2019,20.9797,21.8,20.68,21.3846,1369703.62,21.8,20.68,21.3883,21.4096883,5600,1,20.2871,20.2668129,15/11/2019,2,-514.8609286,-533.8122555
BNB,22/12/2019,13.2874,13.8309,13.2689,13.7798,1505338.18,13.8309,13.2689,13.7768,13.7905768,5639,1,13.0665,13.0534335,25/12/2019,3,-515.5769119,-534.5268082
BNB,30/1/2020,17.9296,18.7027,17.7,18.5555,1787521.22,18.7027,17.7,18.5557,18.5742557,5678,1,19.2686,19.2493314,5/2/2020,6,384.1946141,363.4469725
BNB,5/2/2020,18.1778,19.4583,18.1635,19.262,2068915.04,19.4583,18.1635,19.2686,19.2878686,5684,1,24.2388,24.2145612,15/2/2020,10,2579.429746,2554.29602
BNB,5/3/2020,19.95,21.4585,19.9401,20.7462,3090423.11,21.4585,19.9401,20.7463,20.7670463,5713,1,16.8939,16.8770061,8/3/2020,3,-1856.909425,-1873.179336
BNB,18/4/2020,15.6447,16.8183,15.6242,16.6137,3968019.07,16.8183,15.6242,16.6198,16.6364198,5757,1,14.984,14.969016,20/4/2020,2,-984.2477045,-1002.261196
BNB,29/4/2020,16.3354,17.5171,16.3,17.3667,3817656.7,17.5171,16.3,17.3754,17.3927754,5768,1,17.1027,17.0855973,3/5/2020,4,-156.9460271,-176.6124686
BNB,19/5/2020,16.6298,17.2488,16.3,17.2098,3245275.75,17.2488,16.3,17.2096,17.2268096,5788,1,16.0888,16.0727112,21/5/2020,2,-651.2644106,-669.9432029
BNB,28/5/2020,16.47,17.1405,16.389,17.0772,2866468.39,17.1405,16.389,17.0769,17.0939769,5797,1,16.2376,16.2213624,11/6/2020,14,-491.4826461,-510.4806828
BNB,6/7/2020,15.4865,16.3496,15.4401,16.311,1606449.31,16.3496,15.4401,16.312,16.328312,5836,1,17.1647,17.1475353,16/7/2020,10,522.7439922,501.7195286
BNB,23/7/2020,18.095,18.77,18.043,18.75,2393871.45,18.77,18.043,18.7508,18.7695508,5853,1,21.6204,21.5987796,1/8/2020,9,1530.388037,1507.350298
BNB,1/8/2020,20.6637,21.74,20.51,21.6168,2657942.85,21.74,20.51,21.6204,21.6420204,5862,1,21.2993,21.2780007,11/8/2020,10,-148.5171412,-168.2004237
BNB,28/9/2020,26.2435,27.72,25.8313,26.9855,3220774.85,27.72,25.8313,26.9969,27.0238969,5920,1,27.4583,27.4308417,1/10/2020,3,170.9085117,150.5870162
BNB,12/10/2020,28.52,31.1299,28.4338,30.6503,4364790.221,31.1299,28.4338,30.6503,30.6809503,5934,1,30.051,30.020949,16/10/2020,4,-195.5282656,-215.1176197
BNB,27/10/2020,31.0436,32.3788,30.9,31.4826,2889807.64,32.3788,30.9,31.473,31.504473,5949,1,30.3295,30.2991705,28/10/2020,1,-363.3272964,-382.5813877
BNB,21/11/2020,28.9722,30.8,28.2955,30.5161,3160335.472,30.8,28.2955,30.5168,30.5473168,5974,1,28.2354,28.2071646,26/11/2020,5,-747.5882137,-766.0745509
BNB,19/12/2020,30.9858,34.2307,30.8812,33.3167,4117460.293,34.2307,30.8812,33.3018,33.3351018,6002,1,32.05,32.01795,21/12/2020,2,-375.8955972,-395.1245771
BNB,28/12/2020,33.6741,36.15,33.3105,35.951,4121783.103,36.15,33.3105,35.9507,35.9866507,6011,1,41.256,41.214744,3/1/2021,6,1475.715355,1452.786852
BNB,3/1/2021,38.2331,41.7017,37.763,41.2575,4903626.697,41.7017,37.763,41.256,41.297256,6017,1,38.1623,38.1241377,11/1/2021,8,-749.8788055,-768.3605661
BNB,16/1/2021,40.8951,44.12,40.625,43.142,3243054.414,44.12,40.625,43.1413,43.1844413,6030,1,38.6596,38.6209404,21/1/2021,5,-1038.84213,-1056.746542
BNB,29/1/2021,42.5277,44,41.8017,42.8618,3433689.484,44,41.8017,42.8653,42.9081653,6043,1,165.3176,165.1522824,17/2/2021,19,28566.76613,28489.70965
BNB,17/2/2021,130.183,175.9997,126.7546,165.3233,1.02E+07,175.9997,126.7546,165.3176,165.4829176,6062,1,348.8705,348.5216295,4/4/2021,46,11103.0465,11060.88257
BNB,4/4/2021,321.9597,352.3275,316,348.8617,2730876.03,352.3275,316,348.8705,349.2193705,6108,1,508.2614,507.7531386,16/4/2021,12,4568.769787,4539.661356
BNB,29/4/2021,562.78,615.29,554,599.7,4336516.335,615.29,554,599.66,600.25966,6133,1,609.41,608.80059,4/5/2021,5,162.5921355,142.2872562
BNB,6/7/2021,302.04,322.5,301.8,319.92,2066912.36,322.5,301.8,319.91,320.22991,6201,1,310.08,309.76992,8/7/2021,2,-307.2739208,-326.6400069
BNB,6/8/2021,337.92,347.14,331.12,342.39,1267498.918,347.14,331.12,342.39,342.73239,6232,1,401.86,401.45814,17/8/2021,11,1736.908204,1713.457838
BNB,18/10/2021,471,487.6,466.4,484.9,1091006.031,487.6,466.4,485,485.485,6305,1,470.9,470.4291,21/10/2021,3,-290.7216495,-310.120807
BNB,27/1/2022,375.1,393.8,360,389.9,962060.888,393.8,360,389.9,390.2899,6406,1,399.6,399.2004,4/2/2022,8,248.7817389,228.3046525
BNB,4/2/2022,372.2,399.7,369.5,399.5,849825.828,399.7,369.5,399.6,399.9996,6414,1,407.9,407.4921,8/2/2022,4,207.7077077,187.3126873
BNB,15/2/2022,403.4,443,402.7,432.4,1184143.99,443,402.7,432.4,432.8324,6425,1,402.4,401.9976,17/2/2022,2,-693.8020352,-712.3958373
BNB,28/2/2022,360.1,397.2,355.8,395.6,773064.48,397.2,355.8,395.7,396.0957,6438,1,374.1,373.7259,4/3/2022,4,-545.8680819,-564.7574563
BNB,22/3/2022,396,410,394.8,404.3,609034.607,410,394.8,404.3,404.7043,6460,1,450.4,449.9496,3/4/2022,12,1140.242394,1117.984168
BNB,3/4/2022,437.3,455.7,432.2,450.4,676230.892,455.7,432.2,450.4,450.8504,6472,1,420.1,419.6799,6/4/2022,3,-672.7353464,-691.3712398
BNB,4/5/2022,383.9,403.1,382.7,402.6,599066.682,403.1,382.7,402.6,403.0026,6503,1,378.5,378.1215,5/5/2022,1,-598.6090412,-617.3930392
BNB,24/5/2022,317.1,330.4,312.1,328.3,1087140.698,330.4,312.1,328.3,328.6283,6523,1,303,302.697,26/5/2022,2,-770.6366129,-789.0768993
BNB,4/7/2022,219.2,232.2,214.8,231.5,514662.946,232.2,214.8,231.6,231.8316,6564,1,225.7,225.4743,11/7/2022,7,-254.7495682,-274.2205981
BNB,4/8/2022,297.6,313.4,297.2,311.8,808604.152,313.4,297.2,311.9,312.2119,6595,1,306.8,306.4932,17/8/2022,13,-163.5139468,-183.1672656
BNB,28/9/2022,272.3,283.7,266.3,281.6,357981.397,283.7,266.3,281.6,281.8816,6650,1,287,286.713,3/10/2022,5,191.7613636,171.3982041
BNB,3/10/2022,284.7,289.1,283.1,286.9,275974.883,289.1,283.1,287,287.287,6655,1,282.2,281.9178,7/10/2022,4,-167.2473868,-186.8932461
BNB,4/11/2022,329.6,358.9,328.3,354.6,751709.582,358.9,328.3,354.7,355.0547,6687,1,327.4,327.0726,8/11/2022,4,-769.6645052,-788.106734
BNB,8/1/2023,261.3,276.5,260.1,274.9,237308.89,276.5,260.1,274.9,275.1749,6752,1,286.7,286.4133,18/1/2023,10,429.2469989,408.4093426
BNB,25/1/2023,300.3,314,293.4,306.9,447238.539,314,293.4,306.9,307.2069,6769,1,317.1,316.7829,29/1/2023,4,332.3558162,311.7117487
BNB,29/1/2023,306.2,320.5,304.8,317.2,430698.673,320.5,304.8,317.1,317.4171,6773,1,323.5,323.1765,2/2/2023,4,201.829076,181.4458011
BNB,2/2/2023,317.1,334.4,316.3,323.5,587655.881,334.4,316.3,323.5,323.8235,6777,1,306.2,305.8938,9/2/2023,7,-534.7758887,-553.6874254
BNB,13/3/2023,288.1,314.1,286.1,307.9,991752.464,314.1,286.1,307.9,308.2079,6816,1,321.2,320.8788,22/3/2023,9,431.9584281,411.1153543
BNB,15/4/2023,328.8,336,326.9,333,418311.143,336,326.9,333.1,333.4331,6849,1,322.5,322.1775,19/4/2023,4,-318.2227559,-337.5669662
BNB,29/8/2023,218.8,234.8,217,226.9,666199.649,234.8,217,226.9,227.1269,6985,1,216.7,216.4833,31/8/2023,2,-449.5372411,-468.6190847
BNB,15/9/2023,212.2,215,210.9,214.1,312856.997,215,210.9,214.1,214.3141,7002,1,214.3,214.0857,20/9/2023,5,9.341429239,-10.65725494
BNB,16/10/2023,209.8,219,209.6,214.6,773179.81,219,209.6,214.7,214.9147,7033,1,228.6,228.3714,23/10/2023,7,647.4149977,626.1414412
BNB,23/10/2023,217.8,231,216.9,228.5,841393.165,231,216.9,228.6,228.8286,7040,1,231.9,231.6681,2/11/2023,10,144.3569554,124.0885099
BNB,2/11/2023,228,233.7,227.5,231.9,829216.687,233.7,227.5,231.9,232.1319,7050,1,241.1,240.8589,13/11/2023,11,396.7227253,375.9500525
BNB,21/12/2023,260.4,274.9,256.2,272.1,1286767.653,274.9,256.2,272.1,272.3721,7099,1,297.7,297.4023,26/12/2023,5,940.830577,918.9707756
BNB,26/12/2023,266.8,303.2,264,297.7,2356245.345,303.2,264,297.7,297.9977,7104,1,327.9,327.5721,12/2/2024,48,1014.444071,992.43719
BNB,12/2/2024,320.6,332.2,315.6,327.8,576734.162,332.2,315.6,327.9,328.2279,7152,1,379.2,378.8208,21/2/2024,9,1564.501372,1541.395476
BNB,21/2/2024,354.6,379.3,350.9,379.2,1701415.313,379.3,350.9,379.2,379.5792,7161,1,429.4,428.9706,6/3/2024,14,1323.839662,1301.214608
BNB,6/3/2024,394.1,434.7,385.6,429.4,1804741.112,434.7,385.6,429.4,429.8294,7175,1,507.7,507.1923,19/3/2024,13,1823.474616,1799.85129
BNB,24/3/2024,551.9,573,548.7,567.7,442930.35,573,548.7,567.8,568.3678,7193,1,612.5,611.8875,29/3/2024,5,787.2490313,765.6960862
BNB,29/3/2024,583.4,620,582.1,612.5,1042401.169,620,582.1,612.5,613.1125,7198,1,575.8,575.2242,1/4/2024,3,-599.1836735,-617.9665233
BNB,10/4/2024,580.4,610.6,573.4,609.7,816050.7,610.6,573.4,609.7,610.3097,7210,1,553,552.447,13/4/2024,3,-929.9655568,-948.0875038
BNB,22/4/2024,579.6,608.7,578.4,604.5,522892.157,608.7,578.4,604.4,605.0044,7222,1,,,,,,
BTC,28/8/2017,4310.01,4399.82,4124.54,4386.69,603.841616,4399.82,4124.54,4353.65,4358.00365,11,1,4508.5,4503.9915,2/9/2017,5,355.6785686,334.9879021
BTC,18/9/2017,3690,4123.2,3690,4035.01,1030.006455,4123.2,3690,4060,4064.06,32,1,3592.84,3589.24716,21/9/2017,3,-1150.640394,-1168.321432
BTC,25/9/2017,3660.02,3979.87,3653.69,3920.75,727.994713,3979.87,3653.69,3928,3931.928,39,1,4425,4420.575,7/10/2017,12,1265.274949,1242.766907
BTC,7/10/2017,4369,4479.5,4312.56,4423,297.5975,4479.5,4312.56,4425,4429.425,51,1,5513,5507.487,18/10/2017,11,2458.757062,2433.864441
BTC,29/10/2017,5709.98,6189.88,5648.01,6169.98,1804.778173,6189.88,5648.01,6133.01,6139.14301,73,1,6503,6496.497,10/11/2017,12,603.2763684,582.091001
BTC,25/11/2017,8138.99,8734.78,8090,8700.01,4292.623682,8734.78,8090,8700.04,8708.74004,100,1,17516.81,17499.29319,15/12/2017,20,10134.1718,10093.94368
BTC,15/12/2017,16334.98,17991,16298.45,17539.83,9181.273947,17991,16298.45,17516.81,17534.32681,120,1,16480.52,16464.03948,20/12/2017,5,-591.5974427,-610.3954498
BTC,5/1/2018,15059.56,17176.24,14600,16960.39,23251.49113,17176.24,14600,16960.39,16977.35039,141,1,14401,14386.599,9/1/2018,4,-1509.039592,-1526.004548
BTC,9/2/2018,7789.9,8738,7789.9,8683.92,20482.91083,8738,7789.9,8683.93,8692.61393,176,1,9815.55,9805.73445,22/2/2018,13,1303.11967,1280.536015
BTC,3/4/2018,7063.97,7520,7011.01,7405.21,37787.33181,7520,7011.01,7405.21,7412.61521,229,1,6796.1,6789.3039,4/4/2018,1,-822.5425072,-840.8790856
BTC,12/4/2018,6953.78,8012.23,6743.2,7923,64861.59599,8012.23,6743.2,7922.99,7930.91299,238,1,7890.96,7883.06904,17/4/2018,5,-40.42665711,-60.32590455
BTC,5/5/2018,9714,10020,9682,9864,24990.01835,10020,9682,9863.99,9873.85399,261,1,9661.02,9651.35898,6/5/2018,1,-205.7686595,-225.3375533
BTC,2/6/2018,7521.01,7697.33,7437,7640.03,26720.69022,7697.33,7437,7636.81,7644.44681,289,1,7487,7479.513,4/6/2018,2,-196.1682954,-215.7563707
BTC,19/6/2018,6711.39,6841.74,6653,6741.21,24311.42114,6841.74,6653,6740,6746.74,306,1,6045.92,6039.87408,22/6/2018,3,-1029.792285,-1047.714778
BTC,7/7/2018,6609.79,6818.16,6508.88,6756.98,23973.87689,6818.16,6508.88,6753.48,6760.23348,324,1,6296.91,6290.61309,10/7/2018,3,-676.0514579,-694.6807257
BTC,16/7/2018,6354.15,6747.3,6330.4,6723.35,36204.87708,6747.3,6330.4,6723.33,6730.05333,333,1,7721.65,7713.92835,23/7/2018,7,1484.859437,1461.912665
BTC,23/7/2018,7394.78,7833,7375,7721.01,41646.34667,7833,7375,7721.65,7729.37165,340,1,7600.08,7592.47992,1/8/2018,9,-157.4404434,-177.1058971
BTC,25/8/2018,6686.98,6789,6650.61,6733.64,19220.50593,6789,6650.61,6733.64,6740.37364,373,1,7201.57,7194.36843,1/9/2018,7,694.913895,673.5454357
BTC,1/9/2018,7011.21,7275,7008.74,7200.01,40323.41409,7275,7008.74,7201.57,7208.77157,380,1,6697.27,6690.57273,5/9/2018,4,-700.2639702,-718.8448614
BTC,13/9/2018,6338.62,6535,6337.4,6487.38,40465.06311,6535,6337.4,6487.39,6493.87739,392,1,6248.69,6242.44131,17/9/2018,4,-367.9445817,-387.1894477
BTC,21/9/2018,6492,6784.86,6491,6759.02,51779.34346,6784.86,6491,6759.01,6765.76901,400,1,6445.11,6438.66489,25/9/2018,4,-464.4171262,-483.4692398
BTC,15/10/2018,6339.34,7680,6300,6752.5,90748.03125,7680,6300,6752.5,6759.2525,424,1,5917.2,5911.2828,14/11/2018,30,-1237.023325,-1254.53177
BTC,6/1/2019,3771.12,4027.71,3740,3987.6,36553.80671,4027.71,3740,3987.62,3991.60762,507,1,3585.88,3582.29412,10/1/2019,4,-1007.468114,-1025.43521
BTC,8/2/2019,3398.4,3733.58,3373.1,3659.04,47968.05801,3733.58,3373.1,3660.27,3663.93027,540,1,3897.35,3893.45265,18/2/2019,10,647.7117808,626.4376314
BTC,18/2/2019,3667.62,3925,3655,3898.6,64042.73049,3925,3655,3897.35,3901.24735,550,1,3743.56,3739.81644,24/2/2019,6,-394.60146,-413.7930654
BTC,2/4/2019,4144.54,4897.99,4140.54,4857.29,105383.6393,4897.99,4140.54,4857.19,4862.04719,593,1,5307.86,5302.55214,10/4/2019,8,927.8409945,906.0071463
BTC,10/4/2019,5150,5422,5135,5308.25,40073.62047,5422,5135,5307.86,5313.16786,601,1,5017.37,5012.35263,11/4/2019,1,-547.282709,-566.1692571
BTC,22/4/2019,5257.41,5400,5208.35,5357.14,29563.85231,5400,5208.35,5357.14,5362.49714,613,1,5220.47,5215.24953,25/4/2019,3,-255.1174694,-274.5877642
BTC,2/5/2019,5383.2,5538,5370,5492.87,22795.78784,5538,5370,5494.81,5500.30481,623,1,5846.34,5840.49366,7/5/2019,5,639.7491451,618.4909051
BTC,7/5/2019,5749.92,6028.41,5747.74,5846.34,39905.06442,6028.41,5747.74,5846.34,5852.18634,628,1,7355.28,7347.92472,17/5/2019,10,2580.999394,2555.862533
BTC,26/5/2019,8023,8740,7833.42,8614.43,49652.14457,8740,7833.42,8612.54,8621.15254,647,1,8267.1,8258.8329,30/5/2019,4,-401.089574,-420.2682162
BTC,12/6/2019,7884.9,8200,7788.99,8127.64,41597.08262,8200,7788.99,8127.64,8135.76764,664,1,9518.06,9508.54194,20/6/2019,8,1710.730298,1687.332236
BTC,20/6/2019,9253.76,9590,9175.2,9517.12,34556.05398,9590,9175.2,9518.06,9527.57806,672,1,11329.99,11318.66001,27/6/2019,7,1903.675749,1879.892181
BTC,5/8/2019,10929.99,11937.52,10927.8,11828.8,65153.67371,11937.52,10927.8,11830,11841.83,718,1,11309.24,11297.93076,10/8/2019,5,-440.202874,-459.3033678
BTC,19/8/2019,10306.17,10930,10258.6,10915.54,37243.31922,10930,10258.6,10914.73,10925.64473,732,1,10140.82,10130.67918,21/8/2019,2,-709.0509797,-727.6143144
BTC,22/12/2019,7131.59,7518.54,7122.47,7501.44,39137.45515,7518.54,7122.47,7500.71,7508.21071,857,1,6965.49,6958.52451,2/1/2020,11,-713.5591164,-732.1134438
BTC,14/1/2020,8110.34,8880,8105.54,8810.01,120399.1267,8880,8105.54,8814.64,8823.45464,880,1,8642.35,8633.70765,20/1/2020,6,-195.4589183,-215.048411
BTC,27/1/2020,8614.39,9000,8535,8907.57,53973.543,9000,8535,8907.57,8916.47757,893,1,9197.02,9187.82298,4/2/2020,8,324.9483305,304.3190631
BTC,29/4/2020,7738.58,8952.89,7710.05,8778.57,183546.8875,8952.89,7710.05,8778.58,8787.35858,986,1,8722.77,8714.04723,10/5/2020,11,-63.57520237,-83.42819897
BTC,14/5/2020,9309.35,9939,9256.76,9791.98,129565.3775,9939,9256.76,9791.97,9801.76197,1001,1,9067.51,9058.44249,21/5/2020,7,-739.8511229,-758.3529189
BTC,28/5/2020,9204.07,9625.47,9110,9575.89,74110.78766,9625.47,9110,9575.87,9585.44587,1015,1,9278.88,9269.60112,11/6/2020,14,-310.1441436,-329.5044949
BTC,1/7/2020,9138.08,9292,9080.1,9232,38488.5287,9292,9080.1,9231.99,9241.22199,1049,1,9057.79,9048.73221,3/7/2020,2,-188.6917122,-208.2947257
BTC,21/7/2020,9160.78,9437.73,9152.8,9390,60413.58249,9437.73,9152.8,9390,9399.39,1069,1,11801.17,11789.36883,1/8/2020,11,2567.806177,2542.695675
BTC,1/8/2020,11335.46,11861,11220,11801.17,85087.48513,11861,11220,11801.17,11812.97117,1080,1,11071.36,11060.28864,2/8/2020,1,-618.4217328,-637.1661449
BTC,17/8/2020,11910.99,12468,11769.78,12281.13,84734.21154,12468,11769.78,12281.15,12293.43115,1096,1,11754.38,11742.62562,19/8/2020,2,-428.9256299,-448.0486556
BTC,1/9/2020,11649.51,12050.85,11515,11921.97,78148.19367,12050.85,11515,11921.97,11933.89197,1111,1,11388.54,11377.15146,2/9/2020,1,-447.4344425,-466.5204875
BTC,12/10/2020,11369.02,11720.01,11172,11528.25,52825.28371,11720.01,11172,11528.24,11539.76824,1152,1,11751.46,11739.70854,19/10/2020,7,193.6288627,173.2619719
BTC,19/10/2020,11503.14,11823.99,11407.96,11751.47,47414.53469,11823.99,11407.96,11751.46,11763.21146,1159,1,13636.16,13622.52384,27/10/2020,8,1603.800719,1580.616302
BTC,27/10/2020,13052.15,13789.29,13019.87,13636.17,80811.01945,13789.29,13019.87,13636.16,13649.79616,1167,1,13791,13777.209,31/10/2020,4,113.551029,93.34413387
BTC,31/10/2020,13560.1,14100,13411.5,13791,67339.23852,14100,13411.5,13791,13804.791,1171,1,14144.01,14129.86599,4/11/2020,4,255.9712856,235.4798345
BTC,4/11/2020,14023.53,14259,13525,14144.01,93016.98826,14259,13525,14144.01,14158.15401,1175,1,16291.85,16275.55815,12/11/2020,8,1518.550963,1495.536875
BTC,12/11/2020,15684.25,16340.7,15440.64,16291.86,102196.3566,16340.7,15440.64,16291.85,16308.14185,1183,1,16713.08,16696.36692,16/11/2020,4,258.5525892,238.0559806
BTC,16/11/2020,15957,16880,15864,16713.57,81300.67592,16880,15864,16713.08,16729.79308,1187,1,19160,19140.84,24/11/2020,8,1464.074844,1441.1696
BTC,24/11/2020,18368.01,19418.97,18018,19160.01,113581.5092,19418.97,18018,19160,19179.16,1195,1,17149.47,17132.32053,26/11/2020,2,-1049.337161,-1067.220603
BTC,30/11/2020,18185,19863.16,18184.99,19695.87,115463.4669,19863.16,18184.99,19695.87,19715.56587,1201,1,18036.53,18018.49347,11/12/2020,11,-842.4811902,-860.7779311
BTC,25/12/2020,23728.99,24789.86,23433.6,24712.47,79519.94357,24789.86,23433.6,24712.47,24737.18247,1226,1,35410.37,35374.95963,11/1/2021,17,4328.948098,4300.318831
BTC,3/2/2021,35472.71,37662.63,35362.38,37618.87,80784.33366,37662.63,35362.38,37620.26,37657.88026,1266,1,49133.45,49084.31655,16/2/2021,13,3060.369599,3034.274954
BTC,16/2/2021,47911.1,50689.18,47003.62,49133.45,88813.2663,50689.18,47003.62,49133.45,49182.58345,1279,1,54087.67,54033.58233,22/2/2021,6,1008.31918,986.324536
BTC,9/3/2021,52375.18,54895,51789.41,54884.5,71656.73708,54895,51789.41,54874.67,54929.54467,1300,1,55605.2,55549.5948,15/3/2021,6,133.1269965,112.8809885
BTC,8/5/2021,57315.49,59500,56900,58862.05,69709.90603,59500,56900,58866.53,58925.39653,1360,1,55816.14,55760.32386,10/5/2021,2,-518.1874998,-537.1321801
BTC,30/7/2021,40018.49,42316.71,38313.23,42206.37,73602.78481,42316.71,38313.23,42206.36,42248.56636,1443,1,38207.04,38168.83296,3/8/2021,4,-947.563353,-965.6501395
BTC,13/8/2021,44400.06,47886,44217.39,47800,48239.37043,47886,44217.39,47799.99,47847.78999,1457,1,49322.47,49273.14753,20/8/2021,7,318.5105269,297.8941222
BTC,20/8/2021,46760.62,49382.99,46622.99,49322.47,56850.35223,49382.99,46622.99,49322.47,49371.79247,1464,1,47674.01,47626.33599,24/8/2021,4,-334.2208936,-353.5331396
BTC,3/9/2021,49246.63,51000,48316.84,49999.14,59025.64416,51000,48316.84,49998,50047.998,1478,1,46868.57,46821.70143,7/9/2021,4,-625.9110364,-644.6404849
BTC,1/10/2021,43820.01,48495,43283.03,48141.61,66244.87492,48495,43283.03,48141.6,48189.7416,1506,1,57471.35,57413.87865,11/10/2021,10,1937.980873,1914.128763
BTC,11/10/2021,54659.01,57839.04,54415.06,57471.35,52933.16575,57839.04,54415.06,57471.35,57528.82135,1516,1,61672.42,61610.74758,15/10/2021,4,730.9850908,709.5445612
BTC,15/10/2021,57347.94,62933,56850,61672.42,82512.90802,62933,56850,61672.42,61734.09242,1520,1,64280.59,64216.30941,19/10/2021,4,422.9070304,402.0820413
BTC,19/10/2021,62005.6,64486,61322.22,64280.59,53628.10774,64486,61322.22,64280.59,64344.87059,1524,1,62193.15,62130.95685,21/10/2021,2,-324.7387742,-344.0699654
BTC,2/11/2021,60911.12,64270,60624.68,63219.99,46368.2841,64270,60624.68,63220.57,63283.79057,1538,1,67525.82,67458.29418,8/11/2021,6,680.9887984,659.6481615
BTC,8/11/2021,63273.58,67789,63273.58,67525.83,54442.09455,67789,63273.58,67525.82,67593.34582,1544,1,60058.87,59998.81113,16/11/2021,8,-1105.791829,-1123.562475
BTC,12/1/2022,42729.29,44322,42450,43902.66,33943.2928,44322,42450,43902.65,43946.55265,1609,1,42201.63,42159.42837,17/1/2022,5,-387.4526936,-406.6585824
BTC,15/2/2022,42535.94,44751.4,42427.03,44544.86,38095.19576,44751.4,42427.03,44544.85,44589.39485,1643,1,40515.71,40475.19429,17/2/2022,2,-904.5130919,-922.6858929
BTC,28/2/2022,37699.08,44225.84,37450.17,43160,73945.63858,44225.84,37450.17,43160,43203.16,1656,1,42454,42411.546,3/3/2022,3,-163.5773865,-183.2305785
BTC,22/3/2022,41002.26,43361,40875.51,42364.13,59454.94294,43361,40875.51,42364.13,42406.49413,1678,1,45510.35,45464.83965,31/3/2022,9,742.6613033,721.1974446
BTC,4/5/2022,37728.95,40023.77,37670,39690,62574.61736,40023.77,37670,39690,39729.69,1721,1,36552.97,36516.41703,5/5/2022,1,-790.382968,-808.7838012
BTC,23/6/2022,19988,21233,19890.07,21110.13,83127.08716,21233,19890.07,21110.12,21131.23012,1771,1,20281.28,20260.99872,28/6/2022,5,-392.6268539,-411.8224046
BTC,7/7/2022,20564.51,21838.1,20251.68,21624.98,85014.58261,21838.1,20251.68,21624.99,21646.61499,1785,1,19963.61,19943.64639,11/7/2022,4,-768.2685634,-786.7135812
BTC,12/8/2022,23933.09,24456.5,23583,24403.68,174207.5704,24456.5,23583,24401.7,24426.1017,1821,1,23342.66,23319.31734,17/8/2022,5,-434.002549,-453.115431
BTC,29/8/2022,19555.61,20433.62,19550.79,20285.73,210509.4955,20433.62,19550.79,20287.2,20307.4872,1838,1,18790.61,18771.81939,6/9/2022,8,-737.701605,-756.2076957
BTC,4/10/2022,19629.08,20475,19490.6,20337.82,327012.0013,20475,19490.6,20337.82,20358.15782,1874,1,19416.52,19397.10348,8/10/2022,4,-452.998404,-472.0733322
BTC,17/10/2022,19262.98,19676.96,19152.03,19549.86,222813.8763,19676.96,19152.03,19548.48,19568.02848,1887,1,19123.35,19104.22665,19/10/2022,2,-217.474709,-237.0202141
BTC,4/11/2022,20207.12,21302.05,20180.96,21148.52,453694.3917,21302.05,20180.96,21148.52,21169.66852,1905,1,18545.38,18526.83462,8/11/2022,4,-1230.885187,-1248.405896
BTC,12/1/2023,17943.26,19117.04,17892.05,18846.62,454568.3218,19117.04,17892.05,18846.62,18865.46662,1974,1,22666,22643.334,20/1/2023,8,2026.55967,2002.530579
BTC,20/1/2023,21071.59,22755.93,20861.28,22667.21,338079.1366,22755.93,20861.28,22666,22688.666,1982,1,23743.37,23719.62663,29/1/2023,9,475.3242742,454.3945554
BTC,29/1/2023,23021.4,23960.54,22967.76,23742.3,295688.792,23960.54,22967.76,23743.37,23767.11337,1991,1,22827.38,22804.55262,30/1/2023,1,-385.7876957,-404.9969111
BTC,14/2/2023,21774.63,22319.08,21532.77,22199.84,361958.4011,22319.08,21532.77,22199.84,22222.03984,2007,1,23184.04,23160.85596,24/2/2023,10,443.3365286,422.4707213
BTC,31/3/2023,28028.53,28656.69,27511.71,28465.36,78198.12139,28656.69,27511.71,28465.36,28493.82536,2052,1,29637.35,29607.71265,10/4/2023,10,411.7249878,390.9223405
BTC,10/4/2023,28323.76,29770,28170,29637.34,67754.0622,29770,28170,29637.35,29666.98735,2062,1,29430.27,29400.83973,17/4/2023,7,-69.87129416,-89.71171116
BTC,26/4/2023,28300.8,30036,27235,28415.29,129228.404,30036,27235,28415.29,28443.70529,2078,1,26968.61,26941.64139,11/5/2023,15,-509.1202659,-528.0830626
BTC,28/5/2023,26854.28,28261.32,26764.36,28065,43916.00855,28261.32,26764.36,28065.01,28093.07501,2110,1,25728.2,25702.4718,5/6/2023,8,-832.6417842,-850.9581842
BTC,3/7/2023,30617.02,31380,30570.27,31156.2,43761.64311,31380,30570.27,31156.2,31187.3562,2146,1,30504.8,30474.2952,5/7/2023,2,-209.0755612,-228.6378478
BTC,19/9/2023,26762.5,27483.57,26667.79,27210.26,36190.52187,27483.57,26667.79,27210.25,27237.46025,2224,1,26568.08,26541.51192,21/9/2023,2,-236.0029768,-255.5114624
BTC,28/9/2023,26373,27308.48,26342.4,27021.39,44517.83491,27308.48,26342.4,27021.39,27048.41139,2233,1,26875.52,26848.64448,11/10/2023,13,-53.98315927,-73.85532079
BTC,16/10/2023,27154.14,30000,27112.66,28500.78,78399.22445,30000,27112.66,28500.77,28529.27077,2251,1,33069.99,33036.92001,23/10/2023,7,1603.191773,1580.008573
BTC,23/10/2023,29992.46,34741.91,29883.6,33069.99,93513.64246,34741.91,29883.6,33069.99,33103.05999,2258,1,35421.43,35386.00857,1/11/2023,9,711.0495044,689.6488061
BTC,1/11/2023,34639.78,35582,34097.39,35421.43,53473.28165,35582,34097.39,35421.43,35456.85143,2267,1,35624.72,35589.09528,8/11/2023,7,57.39181055,37.29712162
BTC,8/11/2023,35399.13,36106,35100,35624.72,33401.34137,36106,35100,35624.72,35660.34472,2274,1,38682.51,38643.82749,1/12/2023,23,858.3337637,836.6387912
BTC,1/12/2023,37723.97,38999,37615.86,38682.52,43415.66324,38999,37615.86,38682.51,38721.19251,2297,1,41253.41,41212.15659,11/12/2023,10,664.6156105,643.3076872
BTC,21/12/2023,43668.92,44242.35,43286.72,43861.8,34624.29384,44242.35,43286.72,43861.79,43905.65179,2317,1,42991.5,42948.5085,24/12/2023,3,-198.4164349,-218.0000184
BTC,8/1/2024,43929.01,47248.99,43175,46951.04,72814.57589,47248.99,43175,46951.04,46997.99104,2335,1,42782.74,42739.95726,12/1/2024,4,-887.7971606,-906.0033601
BTC,26/1/2024,39961.09,42246.82,39822.52,41823.51,47384.96726,42246.82,39822.52,41823.51,41865.33351,2353,1,44349.6,44305.2504,7/2/2024,12,603.988044,582.8012547
BTC,7/2/2024,43098.96,44396.5,42788,44349.6,34392.59915,44396.5,42788,44349.6,44393.9496,2365,1,51288.42,51237.13158,22/2/2024,15,1564.573299,1541.467259
BTC,4/3/2024,63113.97,68499,62300,68245.71,84835.16005,68499,62300,68245.71,68313.95571,2391,1,68955.88,68886.92412,10/3/2024,6,104.0607534,83.87281984
BTC,10/3/2024,68313.28,69887.61,68094.75,68955.88,38404.66835,69887.61,68094.75,68955.88,69024.83588,2397,1,69499.84,69430.34016,15/3/2024,5,78.88522342,58.74759061
BTC,25/3/2024,67210,71150,66385.06,69880.01,53431.14486,71150,66385.06,69880,69949.88,2412,1,71280,71208.72,31/3/2024,6,200.3434459,179.9631393
BTC,31/3/2024,69582.17,71366,69562.99,71280.01,19396.34433,71366,69562.99,71280,71351.28,2418,1,,,2/4/2024,2,,
DOGE,19/8/2019,0.0026922,0.0028146,0.0026676,0.0027816,1.11E+08,0.0028146,0.0026676,0.0027787,0.002781479,8621,1,0.0026404,0.00263776,21/8/2019,2,-497.7147587,-516.7003436
DOGE,2/9/2019,0.0024635,0.0026167,0.0024377,0.0025882,5.36E+07,0.0026167,0.0024377,0.002591,0.002593591,8635,1,0.0024351,0.002432665,9/9/2019,7,-601.698186,-620.4760118
DOGE,17/9/2019,0.0024316,0.00262,0.00241,0.002594,1.35E+08,0.00262,0.00241,0.0025972,0.002599797,8650,1,0.0024474,0.002444953,23/9/2019,6,-576.7749884,-595.6026108
DOGE,14/10/2019,0.0024312,0.00275,0.0024067,0.0025415,1.28E+09,0.00275,0.0024067,0.0025482,0.002550748,8677,1,0.0027653,0.002762535,10/11/2019,27,851.9739424,830.2916768
DOGE,10/11/2019,0.0027078,0.0027849,0.0026647,0.0027565,3.05E+08,0.0027849,0.0026647,0.0027653,0.002768065,8704,1,0.002665,0.002662335,14/11/2019,4,-362.7092901,-381.9646162
DOGE,6/1/2020,0.0020722,0.0021345,0.0020692,0.0021344,1.09E+08,0.0021345,0.0020692,0.0021333,0.002135433,8761,1,0.0023493,0.002346951,14/1/2020,8,1012.515821,990.5127919
DOGE,14/1/2020,0.0021656,0.0023955,0.0021653,0.0023581,2.98E+08,0.0023955,0.0021653,0.0023493,0.002351649,8769,1,0.0023999,0.0023975,19/1/2020,5,215.3833057,194.9729494
DOGE,27/1/2020,0.002291,0.0024271,0.002256,0.0023594,1.90E+08,0.0024271,0.002256,0.0023594,0.002361759,8782,1,0.0025169,0.002514383,4/2/2020,8,667.5425956,646.2288242
DOGE,4/2/2020,0.0024167,0.0025178,0.002398,0.0025169,2.43E+08,0.0025178,0.002398,0.0025169,0.002519417,8790,1,0.0026819,0.002679218,17/2/2020,13,655.5683579,634.278511
DOGE,3/3/2020,0.002358,0.0025355,0.0023082,0.0024985,2.76E+08,0.0025355,0.0023082,0.0025031,0.002505603,8818,1,0.0021714,0.002169229,8/3/2020,5,-1325.156806,-1342.48916
DOGE,26/4/2020,0.0021303,0.0024479,0.0021283,0.0024076,8.05E+08,0.0024479,0.0021283,0.0024032,0.002405603,8872,1,0.0026632,0.002660537,7/5/2020,11,1081.890812,1059.749172
DOGE,7/5/2020,0.00248,0.0026975,0.002459,0.0026627,3.66E+08,0.0026975,0.002459,0.0026632,0.002665863,8883,1,0.0024045,0.002402096,11/5/2020,4,-971.3878041,-989.4269894
DOGE,30/5/2020,0.0025302,0.0026299,0.002526,0.002618,2.17E+08,0.0026299,0.002526,0.0026181,0.002620718,8906,1,0.0024463,0.002443854,11/6/2020,12,-656.2010618,-674.8699908
DOGE,6/7/2020,0.0022988,0.002622,0.002293,0.0026193,4.61E+08,0.002622,0.002293,0.0026191,0.002621719,8943,1,0.0027704,0.00276763,3/9/2020,59,577.6793555,556.545131
DOGE,21/10/2020,0.0025956,0.00266,0.002593,0.002623,4.36E+08,0.00266,0.002593,0.002623,0.002625623,9050,1,0.0026658,0.002663134,26/10/2020,5,163.1719405,142.8659027
DOGE,26/10/2020,0.0026529,0.0029115,0.002632,0.002665,1.88E+09,0.0029115,0.002632,0.0026658,0.002668466,9055,1,0.00258,0.00257742,28/10/2020,2,-321.8546027,-341.1915566
DOGE,16/11/2020,0.0027715,0.0030452,0.0027522,0.00289,1.35E+09,0.0030452,0.0027522,0.0028936,0.002896494,9076,1,0.0035091,0.003505591,21/11/2020,5,2127.108101,2102.878114
DOGE,21/11/2020,0.0029872,0.0036062,0.0029796,0.0035132,3.29E+09,0.0036062,0.0029796,0.0035091,0.003512609,9081,1,0.003256,0.003252744,26/11/2020,5,-721.2675615,-739.8064874
DOGE,18/12/2020,0.0037182,0.0039976,0.0035975,0.0038675,1.41E+09,0.0039976,0.0035975,0.0038646,0.003868465,9108,1,0.0037561,0.003752344,23/12/2020,5,-280.7535062,-300.1725801
DOGE,1/1/2021,0.0046716,0.005697,0.004601,0.00568,3.02E+09,0.005697,0.004601,0.0056783,0.005683978,9122,1,0.036442,0.036405558,28/1/2021,27,54177.65881,54049.43172
DOGE,28/1/2021,0.0074104,0.0374849,0.007288,0.0364995,1.03E+11,0.0374849,0.007288,0.036442,0.036478442,9149,1,0.0282428,0.028214557,30/1/2021,2,-2249.931398,-2265.41605
DOGE,4/2/2021,0.0372327,0.0598,0.0358367,0.0529081,4.88E+10,0.0598,0.0358367,0.0528149,0.052867715,9156,1,0.0494987,0.049449201,17/2/2021,13,-627.8909929,-646.6164854
DOGE,8/3/2021,0.0519481,0.063075,0.0515505,0.0629738,7.57E+09,0.063075,0.0515505,0.0629582,0.063021158,9188,1,0.0514996,0.0514481,24/3/2021,16,-1820.032974,-1836.376565
DOGE,1/4/2021,0.0537835,0.07135,0.0534999,0.062151,1.52E+10,0.07135,0.0534999,0.0621509,0.062213051,9212,1,0.0743335,0.074259167,11/4/2021,10,1960.164696,1936.268263
DOGE,11/4/2021,0.0637167,0.08,0.0633959,0.07433,1.50E+10,0.08,0.0633959,0.0743335,0.074407833,9222,1,0.53854,0.53800146,4/5/2021,23,62449.16491,62304.41134
DOGE,4/5/2021,0.44142,0.61186,0.3979,0.53854,2.13E+10,0.61186,0.3979,0.53854,0.53907854,9245,1,0.4505,0.4500495,10/5/2021,6,-1634.790359,-1651.504065
DOGE,13/8/2021,0.26405,0.28756,0.26121,0.28667,2.14E+09,0.28756,0.26121,0.2867,0.2869867,9346,1,0.2684,0.2681316,26/8/2021,13,-638.2978723,-657.0025719
DOGE,4/9/2021,0.2961,0.3087,0.2929,0.2992,1.17E+09,0.3087,0.2929,0.2993,0.2995993,9368,1,0.2553,0.2550447,7/9/2021,3,-1470.096893,-1487.139656
DOGE,20/10/2021,0.2454,0.262,0.2421,0.2548,1.64E+09,0.262,0.2421,0.2548,0.2550548,9414,1,0.2757,0.2754243,24/10/2021,4,820.2511774,798.6322939
DOGE,24/10/2021,0.2511,0.2832,0.2457,0.2756,4.89E+09,0.2832,0.2457,0.2757,0.2759757,9418,1,0.2379,0.2376621,27/10/2021,3,-1371.055495,-1388.296143
DOGE,28/2/2022,0.123,0.1349,0.1213,0.1335,7.35E+08,0.1349,0.1213,0.1334,0.1335334,9545,1,0.1207,0.1205793,6/3/2022,6,-952.023988,-970.1018622
DOGE,23/3/2022,0.1224,0.1314,0.121,0.1298,1.14E+09,0.1314,0.121,0.1299,0.1300299,9568,1,0.1465,0.1463535,3/4/2022,11,1277.906082,1255.372803
DOGE,3/4/2022,0.1387,0.1496,0.1362,0.1466,1.23E+09,0.1496,0.1362,0.1465,0.1466465,9579,1,0.1432,0.1430568,6/4/2022,3,-225.2559727,-244.7859308
DOGE,24/6/2022,0.06398,0.06854,0.06391,0.06694,8.98E+08,0.06854,0.06391,0.06694,0.06700694,9661,1,0.0661,0.0660339,28/6/2022,4,-125.4855094,-145.2148091
DOGE,16/7/2022,0.06293,0.06484,0.06176,0.06439,4.51E+08,0.06484,0.06176,0.06437,0.06443437,9683,1,0.06194,0.06187806,25/7/2022,9,-377.5050489,-396.7308131
DOGE,10/8/2022,0.06902,0.07147,0.06649,0.07126,8.65E+08,0.07147,0.06649,0.07126,0.07133126,9708,1,0.07474,0.07466526,18/8/2022,8,488.3525119,467.3967627
DOGE,23/9/2022,0.05959,0.06431,0.05912,0.06337,1.40E+09,0.06431,0.05912,0.06337,0.06343337,9752,1,0.06584,0.06577416,4/10/2022,11,389.7743412,369.0155513
DOGE,4/10/2022,0.06033,0.06645,0.05994,0.06584,1.98E+09,0.06645,0.05994,0.06584,0.06590584,9763,1,0.05938,0.05932062,10/10/2022,6,-981.1664642,-999.1861116
DOGE,25/10/2022,0.05944,0.06428,0.05913,0.06305,1.02E+09,0.06428,0.05913,0.06304,0.06310304,9784,1,0.07452,0.07444548,9/11/2022,15,1821.06599,1797.447476
DOGE,27/11/2022,0.08892,0.108,0.0888,0.09868,4.27E+09,0.108,0.0888,0.0987,0.0987987,9817,1,0.08825,0.08816175,14/12/2022,17,-1058.763931,-1076.628539
DOGE,4/1/2023,0.07049,0.07362,0.07019,0.07311,7.91E+08,0.07362,0.07019,0.0731,0.0731731,9855,1,0.07362,0.07354638,8/1/2023,4,71.13543092,51.0132822
DOGE,8/1/2023,0.07219,0.07399,0.07121,0.07363,7.00E+08,0.07399,0.07121,0.07362,0.07369362,9859,1,0.08,0.07992,18/1/2023,10,866.6123336,844.9008205
DOGE,29/1/2023,0.08773,0.09102,0.08725,0.09009,1.04E+09,0.09102,0.08725,0.09009,0.09018009,9880,1,0.08144,0.08135856,9/2/2023,11,-960.1509602,-978.2125966
DOGE,13/3/2023,0.07051,0.07353,0.06814,0.07279,1.29E+09,0.07353,0.06814,0.07279,0.07286279,9923,1,0.06964,0.06957036,15/3/2023,2,-432.7517516,-451.8671327
DOGE,1/4/2023,0.07695,0.085,0.07586,0.08181,1.85E+09,0.085,0.07586,0.08181,0.08189181,9942,1,0.07239,0.07231761,8/5/2023,37,-1151.448478,-1169.127902
DOGE,15/7/2023,0.06848,0.07522,0.06769,0.07197,2.33E+09,0.07522,0.06769,0.07196,0.07203196,10047,1,0.08185,0.08176815,25/7/2023,10,1374.374653,1351.648629
DOGE,25/7/2023,0.0742,0.0838,0.07361,0.08185,3.97E+09,0.0838,0.07361,0.08185,0.08193185,10057,1,0.07358,0.07350642,3/8/2023,9,-1010.38485,-1028.346119
DOGE,26/10/2023,0.06832,0.07516,0.06782,0.07185,3.07E+09,0.07516,0.06782,0.07184,0.07191184,10150,1,0.06776,0.06769224,27/10/2023,1,-567.9287305,-586.7740278
DOGE,6/11/2023,0.07108,0.07653,0.07025,0.07637,1.89E+09,0.07653,0.07025,0.07637,0.07644637,10161,1,0.0785,0.0784215,11/11/2023,5,278.9053293,258.3680559
DOGE,11/11/2023,0.07539,0.08189,0.07445,0.07849,3.94E+09,0.08189,0.07445,0.0785,0.0785785,10166,1,0.07244,0.07236756,14/11/2023,3,-771.9745223,-790.4121356
DOGE,25/11/2023,0.07818,0.07916,0.07753,0.07894,6.52E+08,0.07916,0.07753,0.07894,0.07901894,10180,1,0.09412,0.09402588,11/12/2023,16,1922.979478,1899.157341
DOGE,27/2/2024,0.08923,0.10066,0.08844,0.09758,4.47E+09,0.10066,0.08844,0.09759,0.09768759,10274,1,0.14253,0.14238747,16/3/2024,18,4604.980018,4575.799239
DOGE,7/4/2024,0.18576,0.2052,0.18544,0.19887,3.03E+09,0.2052,0.18544,0.19887,0.19906887,10314,1,0.17403,0.17385597,12/4/2024,5,-1249.057173,-1266.541574
ETH,27/8/2017,332.18,348.13,330.73,348.13,4635.43715,348.13,330.73,348.11,348.45811,2431,1,343.56,343.21644,2/9/2017,6,-130.7058114,-150.4246809
ETH,18/9/2017,257.53,306.22,257.11,294.57,4125.97051,306.22,257.11,296,296.296,2453,1,258,257.742,21/9/2017,3,-1283.783784,-1301.198801
ETH,25/9/2017,282,299,281.34,294.42,5870.48035,299,281.34,294.42,294.71442,2460,1,337.96,337.62204,13/10/2017,18,1478.839753,1455.905008
ETH,13/10/2017,303.52,353.96,297,337.96,17925.36585,353.96,297,337.96,338.29796,2478,1,293.78,293.48622,22/10/2017,9,-1307.255296,-1324.623418
ETH,9/11/2017,303.6,329,299.5,317.87,11151.29946,329,299.5,318.5,318.8185,2505,1,293.52,293.22648,10/11/2017,1,-784.3014129,-802.7143971
ETH,14/11/2017,313,337.54,312.94,335.61,17709.2227,337.54,312.94,335.6,335.9356,2510,1,346.66,346.31334,18/11/2017,4,329.5589988,308.9205193
ETH,18/11/2017,331.2,349.9,326.01,346.66,14361.4973,349.9,326.01,346.66,347.00666,2514,1,508.44,507.93156,11/12/2017,23,4666.820516,4637.516179
ETH,11/12/2017,427.35,512,427.35,508.7,29763.16644,512,427.35,508.44,508.94844,2537,1,707.62,706.91238,17/12/2017,6,3917.473055,3889.665916
ETH,17/12/2017,681.8,728,680.33,707.64,31398.4476,728,680.33,707.62,708.32762,2543,1,635.15,634.51485,22/12/2017,5,-1024.137249,-1042.071041
ETH,2/1/2018,754.99,899.5,749.06,855.28,113257.7836,899.5,749.06,855.13,855.98513,2559,1,1388.1,1386.7119,13/1/2018,11,6232.619602,6200.186795
ETH,13/1/2018,1253.87,1427.01,1252,1388.02,75893.43201,1427.01,1252,1388.1,1389.4881,2570,1,999.99,998.99001,16/1/2018,3,-2795.980117,-2810.373763
ETH,9/2/2018,781.66,882.2,781.66,877,95447.67289,882.2,781.66,876.3,877.1763,2597,1,919.09,918.17091,14/2/2018,5,488.3030925,467.347442
ETH,14/2/2018,841.57,924.99,841.3,919.09,150342.8556,924.99,841.3,919.09,920.00909,2602,1,911,910.089,18/2/2018,4,-88.0218477,-107.8259998
ETH,19/4/2018,526.49,571.61,521.03,568.14,112235.7733,571.61,521.03,568.14,568.70814,2666,1,617.73,617.11227,25/4/2018,6,872.8482416,851.1242691
ETH,3/5/2018,688.55,792.08,685.39,779,229419.209,792.08,685.39,779,779.779,2680,1,753,752.247,7/5/2018,4,-333.7612323,-353.0743967
ETH,19/6/2018,517.77,548.2,510.01,537.97,148148.3806,548.2,510.01,537.68,538.21768,2727,1,462.4,461.9376,22/6/2018,3,-1400.089272,-1417.271911
ETH,7/7/2018,470.48,487.99,461.5,485.57,83629.95382,487.99,461.5,485.57,486.05557,2745,1,432.55,432.11745,10/7/2018,3,-1091.912598,-1109.710974
ETH,16/7/2018,449.79,480.57,444.03,478.49,172440.7134,480.57,444.03,478.49,478.96849,2754,1,449.04,448.59096,20/7/2018,4,-615.4778574,-634.2281514
ETH,24/7/2018,450.05,484.27,448.47,479.28,158286.759,484.27,448.47,479.24,479.71924,2762,1,432.2,431.7678,31/7/2018,7,-981.5541274,-999.5730002
ETH,21/9/2018,224,252.11,220.66,247.73,841029.1295,252.11,220.66,247.67,247.91767,2821,1,219.5,219.2805,25/9/2018,4,-1137.400573,-1155.108065
ETH,8/2/2019,104.48,123,103.41,119.25,589950.6493,123,103.41,119.32,119.43932,2961,1,133.77,133.63623,17/2/2019,9,1211.029165,1188.629507
ETH,17/2/2019,122.67,135.61,122.43,133.75,614788.6008,135.61,122.43,133.77,133.90377,2970,1,132.1,131.9679,24/2/2019,7,-124.8411452,-144.5717324
ETH,16/3/2019,136.6,144.47,136.51,140.92,474664.102,144.47,136.51,140.94,141.08094,2997,1,134.85,134.71515,21/3/2019,5,-432.0987654,-451.2154512
ETH,29/3/2019,137.85,143.6,137.62,143.25,235853.0454,143.6,137.62,143.25,143.39325,3010,1,163.26,163.09674,2/4/2019,4,1396.858639,1374.087692
ETH,2/4/2019,141.24,165.6,141,163.31,906868.8586,165.6,141,163.26,163.42326,3014,1,174.29,174.11571,7/4/2019,5,675.6094573,654.2795683
ETH,7/4/2019,165.56,175.43,164.06,174.21,465507.525,175.43,164.06,174.29,174.46429,3019,1,164.06,163.89594,11/4/2019,4,-586.9527798,-605.760067
ETH,3/5/2019,161.82,170.86,160.99,168.06,416357.5212,170.86,160.99,168.1,168.2681,3045,1,190.2,190.0098,11/5/2019,8,1314.693635,1292.086854
ETH,11/5/2019,172.92,205.23,172.92,190.2,885292.3839,205.23,172.92,190.2,190.3902,3053,1,233.57,233.33643,18/5/2019,7,2280.231335,2255.695409
ETH,26/5/2019,250.17,269.4,245.11,264.45,450090.2232,269.4,245.11,264.35,264.61435,3068,1,254.59,254.33541,30/5/2019,4,-369.2074901,-388.4498327
ETH,15/9/2019,188.14,190.45,185.76,189.03,288928.6083,190.45,185.76,189.05,189.23905,3180,1,201.25,201.04875,23/9/2019,8,645.3319228,624.0625283
ETH,29/12/2019,128.11,138.07,127.52,134.36,316347.2667,138.07,127.52,134.36,134.49436,3285,1,127.19,127.06281,2/1/2020,4,-533.6409646,-552.5547688
ETH,10/1/2020,137.73,145.17,135.32,144.84,409403.5951,145.17,135.32,144.83,144.97483,3297,1,174.1,173.9259,18/1/2020,8,2020.990126,1996.972164
ETH,18/1/2020,169.92,179.5,164.92,174.14,688783.1798,179.5,164.92,174.1,174.2741,3305,1,162.85,162.68715,23/1/2020,5,-646.1803561,-664.8693065
ETH,27/1/2020,167.91,172.56,165.22,170.08,365894.8192,172.56,165.22,170.04,170.21004,3314,1,258.89,258.63111,16/2/2020,20,5225.24112,5194.821058
ETH,26/4/2020,194.21,200,192.3,197.38,758525.8153,200,192.3,197.39,197.58739,3404,1,187.62,187.43238,10/5/2020,14,-494.9592178,-513.9503083
ETH,18/5/2020,207.02,217.07,207,214.91,1064139.249,217.07,207,214.92,215.13492,3426,1,198.72,198.52128,21/5/2020,3,-753.7688442,-772.2428325
ETH,28/5/2020,208.29,220.5,204.67,220.21,643945.9777,220.5,204.67,220.24,220.46024,3436,1,230.46,230.22954,11/6/2020,14,464.0392299,443.1320586
ETH,6/7/2020,227.54,242,226.93,241.6,864817.507,242,226.93,241.6,241.8416,3475,1,233.58,233.34642,16/7/2020,10,-331.9536424,-351.2704183
ETH,21/7/2020,236,246.66,235.57,245.59,637462.0807,246.66,235.57,245.53,245.77553,3490,1,400.72,400.31928,5/8/2020,15,6320.612552,6288.003936
ETH,5/8/2020,389.59,407,384.11,400.72,1124119.067,407,384.11,400.72,401.12072,3505,1,379.34,378.96066,7/8/2020,2,-533.5396287,-552.4536354
ETH,13/8/2020,387.18,431.49,376.59,424.54,1511330.773,431.49,376.59,424.54,424.96454,3513,1,407.46,407.05254,19/8/2020,6,-402.3178028,-421.493991
ETH,30/8/2020,398.65,429.89,398.3,428.94,894979.7179,429.89,398.3,428.94,429.36894,3530,1,381.35,380.96865,3/9/2020,4,-1109.479181,-1127.24246
ETH,22/10/2020,390.31,420.73,390.21,413.98,1095897.207,420.73,390.21,413.94,414.35394,3583,1,388.22,387.83178,28/10/2020,6,-621.3460888,-640.0846581
ETH,5/11/2020,402.5,420.4,396.14,416.69,1475139.773,420.4,396.14,416.73,417.14673,3597,1,463.09,462.62691,11/11/2020,6,1112.470904,1090.268165
ETH,11/11/2020,450.34,476.25,449.28,463.09,1205782.843,476.25,449.28,463.09,463.55309,3603,1,448.07,447.62193,15/11/2020,4,-324.3430003,-343.6749823
ETH,30/11/2020,576.32,616.85,570.07,616.66,1501989.454,616.85,570.07,616.65,617.26665,3622,1,567.24,566.67276,4/12/2020,4,-801.2648991,-819.6439902
ETH,27/12/2020,637.44,717.13,625,685.11,1859968.15,717.13,625,685.1,685.7851,3649,1,1087,1085.913,11/1/2021,15,5866.296891,5834.595998
ETH,19/1/2021,1258.52,1438.3,1251.49,1365.36,2278852.558,1438.3,1251.49,1365.36,1366.72536,3672,1,1111.98,1110.86802,21/1/2021,2,-1855.774301,-1872.046481
ETH,2/2/2021,1374.09,1547.9,1360.28,1511.87,1944227.999,1547.9,1360.28,1511.93,1513.44193,3686,1,1769.14,1767.37086,9/2/2021,7,1701.203098,1677.824071
ETH,9/2/2021,1749.68,1821.88,1708.49,1769.13,1185071.896,1821.88,1708.49,1769.14,1770.90914,3693,1,1938.91,1936.97109,18/2/2021,9,959.6187978,937.7214576
ETH,18/2/2021,1849.7,1950.5,1849.69,1939.61,937227.1019,1950.5,1849.69,1938.91,1940.84891,3702,1,1777.42,1775.64258,22/2/2021,4,-832.8906447,-851.2065476
ETH,6/3/2021,1528.08,1671.58,1513.03,1650.35,1013300.939,1671.58,1513.03,1650.68,1652.33068,3718,1,1795.28,1793.48472,10/3/2021,4,876.0026171,854.2723421
ETH,29/3/2021,1687.16,1841,1677.85,1816.74,647724.4639,1841,1677.85,1816.76,1818.57676,3741,1,2151.42,2149.26858,11/4/2021,13,1842.070499,1818.410019
ETH,11/4/2021,2133.49,2165.02,2113.4,2151.36,392265.5077,2165.02,2113.4,2151.42,2153.57142,3754,1,2317.65,2315.33235,17/4/2021,6,772.6524807,751.1286995
ETH,4/7/2021,2226.99,2389.93,2189.58,2322.69,590656.2507,2389.93,2189.58,2322.69,2325.01269,3838,1,2116.32,2114.20368,8/7/2021,4,-888.4956667,-906.7004705
ETH,30/7/2021,2382.93,2471.7,2315.92,2461.81,762577.288,2471.7,2315.92,2461.77,2464.23177,3864,1,2508.51,2506.00149,3/8/2021,4,189.863391,169.5040236
ETH,13/8/2021,3046.11,3327.83,3033.8,3322.32,579333.4032,3327.83,3033.8,3322.33,3325.65233,3878,1,3011.73,3008.71827,17/8/2021,4,-934.8860589,-952.9981746
ETH,23/8/2021,3238,3377.89,3230.02,3321.28,602103.4461,3377.89,3230.02,3321.28,3324.60128,3888,1,3170.63,3167.45937,24/8/2021,1,-453.5901821,-472.663928
ETH,31/8/2021,3229.14,3476,3188.77,3429.2,863071.1309,3476,3188.77,3429.19,3432.61919,3896,1,3434.84,3431.40516,7/9/2021,7,16.47619409,-3.536745362
ETH,1/10/2021,3000.62,3330,2969.07,3309.91,648714.6151,3330,2969.07,3309.91,3313.21991,3927,1,3790.82,3787.02918,14/10/2021,13,1452.939808,1430.056811
ETH,14/10/2021,3607.41,3824,3586.04,3790.82,481894.1473,3824,3586.04,3790.82,3794.61082,3940,1,4161.37,4157.20863,20/10/2021,6,977.4929962,955.5599433
ETH,20/10/2021,3876.98,4169,3828.05,4161.15,537383.0973,4169,3828.05,4161.37,4165.53137,3946,1,4220.36,4216.13964,25/10/2021,5,141.7562005,121.4929513
ETH,25/10/2021,4082.33,4236,4067.71,4220.37,347438.6534,4236,4067.71,4220.36,4224.58036,3951,1,3921.99,3918.06801,27/10/2021,2,-706.9776038,-725.5450811
ETH,2/11/2021,4319.43,4599.6,4284.43,4589.89,468184.793,4599.6,4284.43,4589.68,4594.26968,3959,1,4807.98,4803.17202,8/11/2021,6,475.6322881,454.7019538
ETH,8/11/2021,4612.59,4822.97,4612,4807.98,391102.3181,4822.97,4612,4807.98,4812.78798,3965,1,4563.77,4559.20623,15/11/2021,7,-507.9264057,-526.8915877
ETH,30/11/2021,4444.54,4753,4346.36,4630.26,743024.4662,4753,4346.36,4630.25,4634.88025,3987,1,4215.01,4210.79499,3/12/2021,3,-896.798229,-914.9864444
ETH,2/1/2022,3765.54,3857.44,3717.3,3828.27,154791.4263,3857.44,3717.3,3828.11,3831.93811,4020,1,3539.82,3536.28018,5/1/2022,3,-753.0870325,-771.5623831
ETH,6/2/2022,3012.64,3074.56,2950.21,3054.99,249394.5966,3074.56,2950.21,3055,3058.055,4055,1,2927.54,2924.61246,11/2/2022,5,-417.2176759,-436.3640942
ETH,25/2/2022,2596.26,2834.97,2571.72,2768.49,679394.1762,2834.97,2571.72,2768.05,2770.81805,4074,1,2834,2831.166,3/3/2022,6,238.2543668,217.7983141
ETH,23/3/2022,2969.64,3045.2,2920.65,3036,453962.7298,3045.2,2920.65,3035.99,3039.02599,4100,1,3455.2,3451.7448,1/4/2022,9,1380.80165,1358.062785
ETH,1/4/2022,3281.51,3481.29,3210.68,3455.21,532169.2392,3481.29,3210.68,3455.2,3458.6552,4109,1,3407,3403.593,5/4/2022,4,-139.4998842,-159.2011832
ETH,24/6/2022,1144.71,1245.43,1132,1225.02,1337137.483,1245.43,1132,1225.02,1226.24502,4193,1,1100.21,1099.10979,29/6/2022,5,-1018.840509,-1036.784883
ETH,4/7/2022,1074.26,1160.9,1045.37,1151,1150108.986,1160.9,1045.37,1151.01,1152.16101,4203,1,1096.37,1095.27363,11/7/2022,7,-474.7135125,-493.7450539
ETH,24/7/2022,1548.66,1664.34,1545.67,1597.7,1009935.9,1664.34,1545.67,1597.7,1599.2977,4223,1,1440.79,1439.34921,25/7/2022,1,-982.0992677,-1000.117051
ETH,10/8/2022,1702.76,1885,1656.78,1853.57,1317767.513,1885,1656.78,1853.58,1855.43358,4240,1,1935.32,1933.38468,14/8/2022,4,440.9844733,420.1233655
ETH,5/9/2022,1579.29,1631.99,1556.56,1617.8,503492.937,1631.99,1556.56,1617.8,1619.4178,4266,1,1574.4,1572.8256,13/9/2022,8,-268.2655458,-287.7095707
ETH,25/10/2022,1343.61,1525.16,1334.94,1459.74,1127932.901,1525.16,1334.94,1459.74,1461.19974,4316,1,1518.33,1516.81167,2/11/2022,8,401.3728472,380.5908835
ETH,11/1/2023,1335.63,1398,1321.04,1389.39,472465.9556,1398,1321.04,1389.4,1390.7894,4394,1,1658.53,1656.87147,20/1/2023,9,1937.023175,1913.172979
ETH,20/1/2023,1551.09,1669.9,1542.02,1658.52,440570.9974,1669.9,1542.02,1658.53,1660.18853,4403,1,1671.03,1669.35897,7/2/2023,18,75.36794631,55.23734103
ETH,7/2/2023,1614.28,1678.37,1613.14,1671.03,451922.4,1678.37,1613.14,1671.03,1672.70103,4421,1,1545.35,1543.80465,9/2/2023,2,-752.1109735,-770.5882742
ETH,14/2/2023,1505.25,1569,1482.66,1555.71,668964.3768,1569,1482.66,1555.7,1557.2557,4428,1,1607.8,1606.1922,24/2/2023,10,334.8974738,314.248328
ETH,1/3/2023,1605.24,1669.72,1595,1665.22,474456.8235,1669.72,1595,1665.23,1666.89523,4443,1,1569.45,1567.88055,3/3/2023,2,-575.1758015,-594.0066191
ETH,21/3/2023,1732.77,1835,1717.01,1801.23,742348.4999,1835,1717.01,1801.23,1803.03123,4463,1,1715.21,1713.49479,27/3/2023,6,-477.5625545,-496.5884035
ETH,4/4/2023,1810.51,1891.91,1802.01,1870.37,622208.6411,1891.91,1802.01,1870.38,1872.25038,4477,1,1863.73,1861.86627,7/4/2023,3,-35.55427239,-55.46325487
ETH,5/5/2023,1877.07,1998.36,1875.65,1993.3,546608.875,1998.36,1875.65,1993.3,1995.2933,4508,1,1870.41,1868.53959,7/5/2023,2,-616.5153263,-635.2635475
ETH,23/5/2023,1817.36,1872.5,1815.24,1854.05,396869.6097,1872.5,1815.24,1854.06,1855.91406,4526,1,1799.89,1798.09011,24/5/2023,1,-292.1696169,-311.5658815
ETH,28/5/2023,1829.89,1918.65,1823.6,1908.64,378392.4371,1918.65,1823.6,1908.64,1910.54864,4531,1,1810.49,1808.67951,5/6/2023,8,-514.2405063,-533.1930728
ETH,20/6/2023,1737.1,1796.99,1714.72,1791.99,328855.6846,1796.99,1714.72,1791.99,1793.78199,4554,1,1933.8,1931.8662,30/6/2023,10,791.3548625,769.7937139
ETH,30/6/2023,1851.99,1948.6,1825.01,1933.79,716538.1035,1948.6,1825.01,1933.8,1935.7338,4564,1,1910.35,1908.43965,5/7/2023,5,-121.2638329,-141.0015675
ETH,13/7/2023,1871.82,2012.63,1862.59,2004.49,548861.4207,2012.63,1862.59,2004.49,2006.49449,4577,1,1850,1848.15,24/7/2023,11,-770.7197342,-789.1598546
ETH,8/8/2023,1829.1,1876.51,1826.33,1856.3,236336.03,1876.51,1826.33,1856.3,1858.1563,4603,1,1807.81,1806.00219,16/8/2023,8,-261.218553,-280.6766578
ETH,16/10/2023,1557.78,1639.43,1555.06,1599.42,418510.8644,1639.43,1555.06,1599.41,1601.00941,4672,1,1663.69,1662.02631,22/10/2023,6,401.8982,381.1151866
ETH,22/10/2023,1628.94,1667.8,1621.1,1663.7,228650.9225,1667.8,1621.1,1663.69,1665.35369,4678,1,1891.71,1889.81829,5/11/2023,14,1370.567834,1347.849417
ETH,5/11/2023,1855.54,1912.67,1846.11,1891.71,383106.7628,1912.67,1846.11,1891.71,1893.60171,4692,1,2121.33,2119.20867,9/11/2023,4,1213.822415,1191.417175
ETH,9/11/2023,1888.11,2132,1882.07,2121.32,1100330.324,2132,1882.07,2121.33,2123.45133,4696,1,2164.75,2162.58525,2/12/2023,23,204.6829112,184.2939343
ETH,2/12/2023,2087.24,2186.6,2086.25,2164.74,320979.9768,2186.6,2086.25,2164.75,2166.91475,4719,1,2203.47,2201.26653,12/12/2023,10,178.8659199,158.5285254
ETH,27/12/2023,2230.88,2392.44,2211.88,2378.35,541537.3574,2392.44,2211.88,2378.35,2380.72835,4744,1,2209.72,2207.51028,3/1/2024,7,-709.0209599,-727.5843546
ETH,10/1/2024,2344.3,2643.1,2339.59,2584.38,1038388.666,2643.1,2339.59,2584.37,2586.95437,4758,1,2314.19,2311.87581,22/1/2024,12,-1045.43854,-1063.329772
ETH,6/2/2024,2301.84,2392.4,2299,2372.64,368942.7498,2392.4,2299,2372.63,2375.00263,4785,1,3112.6,3109.4874,25/2/2024,19,3118.775367,3092.564028
ETH,25/2/2024,2992.62,3122,2983.61,3112.59,412306.2237,3122,2983.61,3112.6,3115.7126,4804,1,3627.75,3624.12225,4/3/2024,8,1655.047227,1631.76042
ETH,4/3/2024,3487.8,3640.94,3423.78,3627.76,715360.6361,3640.94,3423.78,3627.75,3631.37775,4812,1,3523.09,3519.56691,16/3/2024,12,-288.4983805,-307.9019802
ETH,25/3/2024,3454.99,3666,3420.12,3590.42,548577.6942,3666,3420.12,3590.43,3594.02043,4833,1,3278.96,3275.68104,2/4/2024,8,-867.5005501,-885.7473022
ETH,8/4/2024,3454.2,3730.71,3406.36,3694.61,496841.3532,3730.71,3406.36,3694.61,3698.30461,4847,1,3237.42,3234.18258,12/4/2024,4,-1237.451314,-1254.958904
SOL,26/8/2020,3.2576,3.7999,3.1809,3.5684,2290030.56,3.7999,3.1809,3.5557,3.5592557,7239,1,3.5062,3.5026938,3/9/2020,8,-139.2130945,-158.9149664
SOL,28/12/2020,1.3041,1.5223,1.2867,1.5172,2158620.57,1.5223,1.2867,1.5187,1.5202187,7363,1,3.212,3.208788,8/1/2021,11,11149.66748,11107.4104
SOL,8/1/2021,2.3655,3.8,2.175,3.2214,2.99E+07,3.8,2.175,3.212,3.215212,7374,1,3.8243,3.8204757,17/1/2021,9,1906.288917,1882.500128
SOL,17/1/2021,3.4251,3.9876,3.3,3.8268,8531899.81,3.9876,3.3,3.8243,3.8281243,7383,1,2.9893,2.9863107,21/1/2021,4,-2183.406114,-2199.023684
SOL,26/1/2021,3.7036,4.097,3.6478,4.041,6618303.9,4.097,3.6478,4.0418,4.0458418,7392,1,4.228,4.223772,30/1/2021,4,460.685833,439.7853618
SOL,30/1/2021,3.8301,4.3179,3.7667,4.228,3944655.04,4.3179,3.7667,4.228,4.232228,7396,1,6.1219,6.1157781,6/2/2021,7,4479.422895,4450.492979
SOL,21/3/2021,14.1788,14.3636,13.638,14.3372,1191850.82,14.3636,13.638,14.3372,14.3515372,7446,1,14.1433,14.1291567,23/3/2021,2,-135.2425857,-154.9523907
SOL,26/3/2021,12.9789,14.7921,12.3043,14.7664,2972281.77,14.7921,12.3043,14.7751,14.7898751,7451,1,26.4182,26.3917818,14/4/2021,19,7880.217393,7844.492683
SOL,22/4/2021,32.5965,41.1587,31.4586,38.9,1.40E+07,41.1587,31.4586,38.8718,38.9106718,7478,1,49.646,49.596354,1/5/2021,9,2771.726547,2746.208612
SOL,1/5/2021,42.786,49.88,42.001,49.67,5804048.045,49.88,42.001,49.646,49.695646,7487,1,41.051,41.009949,13/5/2021,12,-1731.257302,-1747.778266
SOL,30/6/2021,33.974,36,31.555,35.51,5361423.665,36,31.555,35.51,35.54551,7547,1,36.667,36.630333,7/7/2021,7,325.8237116,305.1926952
SOL,7/7/2021,34.221,38.1,33.82,36.673,4609258.553,38.1,33.82,36.667,36.703667,7554,1,33.134,33.100866,8/7/2021,1,-963.5366951,-981.5915669
SOL,29/7/2021,27.891,31.888,27.319,31.235,3692050.445,31.888,27.319,31.238,31.269238,7576,1,37.354,37.316646,5/8/2021,7,1957.871823,1933.979971
SOL,5/8/2021,35.757,38.267,35.5,37.353,4059371.083,38.267,35.5,37.354,37.391354,7583,1,40.639,40.598361,10/8/2021,5,879.4238903,857.6867797
SOL,10/8/2021,38.646,41.678,38.183,40.64,2603195.665,41.678,38.183,40.639,40.679639,7588,1,87.98,87.89202,27/8/2021,17,11649.15475,11605.8997
SOL,27/8/2021,74.92,88.92,72.55,87.98,8785637.093,88.92,72.55,87.98,88.06798,7605,1,124.3,124.1757,21/9/2021,25,4128.210957,4099.982763
SOL,1/10/2021,141.38,164.95,138.25,161.56,6742166.88,164.95,138.25,161.62,161.78162,7640,1,153.9,153.7461,6/10/2021,5,-477.6636555,-496.6893025
SOL,15/10/2021,150.01,165.75,146.68,163.18,5388612.07,165.75,146.68,163.15,163.31315,7654,1,176.72,176.54328,20/10/2021,5,831.7499234,810.1080654
SOL,20/10/2021,155.77,176.87,155,176.72,3884374.7,176.87,155,176.72,176.89672,7659,1,184.45,184.26555,27/10/2021,7,437.41512,416.5611437
SOL,2/11/2021,203.91,222.22,200.97,220.82,2876704.542,222.22,200.97,220.81,221.03081,7672,1,233.06,232.82694,10/11/2021,8,554.7755989,533.6871362
SOL,1/12/2021,208.52,232.63,207.89,229.81,2589478.23,232.63,207.89,229.81,230.03981,7701,1,211.65,211.43835,3/12/2021,2,-790.2180062,-808.619169
SOL,23/12/2021,178.38,193.5,175.64,190.03,1726907.3,193.5,175.64,190.08,190.27008,7723,1,177.28,177.10272,28/12/2021,5,-673.4006734,-692.0352375
SOL,12/1/2022,140.19,153.39,138.22,151.51,1946788.76,153.39,138.22,151.5,151.6515,7743,1,135.23,135.09477,19/1/2022,7,-1073.927393,-1091.761704
SOL,6/2/2022,113.74,116.06,111.09,115.28,1561795.12,116.06,111.09,115.26,115.37526,7768,1,106.18,106.07382,10/2/2022,4,-787.7841402,-806.1901659
SOL,28/2/2022,85.61,103,84.17,99.68,4212075.57,103,84.17,99.67,99.76967,7790,1,81.65,81.56835,7/3/2022,7,-1807.966289,-1824.333988
SOL,20/6/2022,34.19,36.9,31.73,35.24,8218146.8,36.9,31.73,35.25,35.28525,7902,1,35.34,35.30466,28/6/2022,8,25.53191489,5.500882097
SOL,8/8/2022,40.6,43.71,40.55,42.18,3823749.6,43.71,40.55,42.17,42.21217,7951,1,40.34,40.29966,9/8/2022,1,-433.9577899,-453.0707613
SOL,7/9/2022,30.88,32.94,30.31,32.69,2516005.51,32.94,30.31,32.7,32.7327,7981,1,33,32.967,13/9/2022,6,91.74311927,71.57979635
SOL,4/10/2022,32.9,34.4,32.84,34.09,1949740.88,34.4,32.84,34.1,34.1341,8008,1,32.57,32.53743,8/10/2022,4,-448.6803519,-467.7639076
SOL,25/10/2022,28.31,32.31,28.05,30.86,4389638.87,32.31,28.05,30.87,30.90087,8029,1,32.87,32.83713,29/10/2022,4,647.8781989,626.603717
SOL,29/10/2022,32.06,33.84,31.85,32.87,3316674.09,33.84,31.85,32.87,32.90287,8033,1,30.81,30.77919,2/11/2022,4,-626.7112869,-645.4391365
SOL,6/12/2022,13.82,14.38,13.81,14.3,3280084.71,14.38,13.81,14.3,14.3143,8071,1,13.49,13.47651,7/12/2022,1,-566.4335664,-585.281851
SOL,2/1/2023,9.99,12,9.81,11.28,7628264.93,12,9.81,11.28,11.29128,8098,1,14.46,14.44554,8/1/2023,6,2819.148936,2793.536251
SOL,8/1/2023,13.1,14.89,12.85,14.45,6295596.12,14.89,12.85,14.46,14.47446,8104,1,18.29,18.27171,13/1/2023,5,2648.68603,2623.41393
SOL,13/1/2023,16.59,18.65,16.29,18.29,1.09E+07,18.65,16.29,18.29,18.30829,8109,1,25.51,25.48449,20/1/2023,7,3947.512302,3919.645144
SOL,20/1/2023,21.4,25.82,20.93,25.51,9652433.39,25.82,20.93,25.51,25.53551,8116,1,26.07,26.04393,29/1/2023,9,219.5217562,199.1031313
SOL,29/1/2023,24,26.8,23.73,26.07,7785906.2,26.8,23.73,26.07,26.09607,8125,1,23.46,23.43654,5/2/2023,7,-1001.150748,-1019.130467
SOL,15/2/2023,21.84,23.99,21.45,23.86,5587903.97,23.99,21.45,23.86,23.88386,8142,1,24.83,24.80517,19/2/2023,4,406.5381391,385.7458552
SOL,19/2/2023,23.46,25.64,23.2,24.84,8316165.25,25.64,23.2,24.83,24.85483,8146,1,23.91,23.88609,23/2/2023,4,-370.5195328,-389.759254
SOL,28/4/2023,22.34,23.5,22.16,23.34,4422324.38,23.5,22.16,23.34,23.36334,8214,1,21.95,21.92805,1/5/2023,3,-595.5441302,-614.3342519
SOL,4/6/2023,21.19,22.3,21.03,21.82,2800007.16,22.3,21.03,21.83,21.85183,8251,1,20.01,19.98999,5/6/2023,1,-833.715071,-852.0293266
SOL,29/6/2023,15.98,18.28,15.87,17.99,7948251.73,18.28,15.87,18,18.018,8276,1,21.51,21.48849,7/7/2023,8,1950,1926.123876
SOL,7/7/2023,19.61,21.9,19.26,21.5,9794096.48,21.9,19.26,21.51,21.53151,8284,1,22.06,22.03794,11/7/2023,4,255.6950256,235.2041264
SOL,11/7/2023,21.3,22.37,21.2,22.07,4616810.71,22.37,21.2,22.06,22.08206,8288,1,25.54,25.51446,18/7/2023,7,1577.515866,1554.383966
SOL,8/8/2023,23.11,24.79,23.02,24.22,4652753.86,24.79,23.02,24.22,24.24422,8316,1,24.91,24.88509,12/8/2023,4,284.8885219,264.3392941
SOL,12/8/2023,24.63,25.24,24.4,24.91,1814019.36,25.24,24.4,24.91,24.93491,8320,1,24.22,24.19578,13/8/2023,1,-276.9971899,-296.4237689
SOL,5/9/2023,19.52,20.6,19.03,20.26,4197171.75,20.6,19.03,20.26,20.28026,8344,1,18.23,18.21177,10/9/2023,5,-1001.974334,-1019.952407
SOL,18/9/2023,18.81,20.15,18.58,19.64,3731851.86,20.15,18.58,19.65,19.66965,8357,1,19.45,19.43055,21/9/2023,3,-101.7811705,-121.5578315
SOL,19/10/2023,23.41,25.77,23.11,24.93,5889168.99,25.77,23.11,24.92,24.94492,8388,1,32.83,32.79717,29/10/2023,10,3174.157303,3147.835311
SOL,29/10/2023,31.62,33.19,31.27,32.83,3483834.9,33.19,31.27,32.83,32.86283,8398,1,56.67,56.61333,10/11/2023,12,7261.650929,7227.162116
SOL,10/11/2023,45.3,57.54,45.05,56.67,1.47E+07,57.54,45.05,56.67,56.72667,8410,1,65.43,65.36457,15/11/2023,5,1545.791424,1522.72291
SOL,15/11/2023,56.81,67.12,56.15,65.43,1.28E+07,67.12,56.15,65.43,65.49543,8415,1,51.65,51.59835,21/11/2023,6,-2106.067553,-2121.839646
SOL,29/11/2023,58.18,61.78,57.72,59.31,7574392.84,61.78,57.72,59.31,59.36931,8429,1,67.74,67.67226,7/12/2023,8,1421.345473,1398.525602
SOL,7/12/2023,61.85,69.37,61.64,67.74,1.06E+07,69.37,61.64,67.74,67.80774,8437,1,75.68,75.60432,14/12/2023,7,1172.128727,1149.806792
SOL,14/12/2023,70.62,76.24,68.18,75.68,7493589.41,76.24,68.18,75.68,75.75568,8444,1,82.22,82.13778,20/12/2023,6,864.1649049,842.4582817
SOL,20/12/2023,73,84.14,72.96,82.21,1.07E+07,84.14,72.96,82.22,82.30222,8450,1,106.92,106.81308,27/12/2023,7,3004.135247,2978.152959
SOL,1/1/2024,101.72,109.93,101.44,109.91,4403310.37,109.93,101.44,109.93,110.03993,8462,1,98.52,98.42148,3/1/2024,2,-1037.93323,-1055.839458
SOL,26/1/2024,86.9,93.72,85.96,92.28,4693818.55,93.72,85.96,92.29,92.38229,8487,1,102.77,102.66723,8/2/2024,13,1135.550981,1113.302127
SOL,8/2/2024,101.14,104.98,100.51,102.76,5082811.46,104.98,100.51,102.77,102.87277,8500,1,110.32,110.20968,16/2/2024,8,734.6501897,713.2023372
SOL,7/3/2024,130.8,149.3,130.52,143.82,1.10E+07,149.3,130.52,143.82,143.96382,8528,1,151.06,150.90894,12/3/2024,5,503.4070366,482.4212083
SOL,12/3/2024,148.83,155,141.5,151.05,8930538,155,141.5,151.06,151.21106,8533,1,169.82,169.65018,19/3/2024,7,1241.890639,1219.42932
SOL,31/3/2024,194.19,203.17,193.69,202.45,2398135.45,203.17,193.69,202.45,202.65245,8552,1,192.24,192.04776,1/4/2024,1,-504.3220548,-523.2944383
SOL,22/4/2024,148.81,158.5,146.63,156.95,4967360.16,158.5,146.63,156.94,157.09694,8574,1,,,,,,
XRP,4/5/2018,0.5,1.5,0.5,0.8899,2.09E+07,1.5,0.5,0.8898,0.8906898,10331,1,0.48287,0.48238713,22/6/2018,49,-4573.274893,-4584.117501
XRP,2/7/2018,0.46222,0.4954,0.452,0.4899,3.99E+07,0.4954,0.452,0.48913,0.48961913,10390,1,0.44247,0.44202753,10/7/2018,8,-953.9386257,-972.0126744
XRP,16/7/2018,0.44695,0.4858,0.4435,0.48173,4.14E+07,0.4858,0.4435,0.48173,0.48221173,10404,1,0.4444,0.4439556,20/7/2018,4,-774.915409,-793.3471465
XRP,17/8/2018,0.29161,0.37506,0.29085,0.3672,8.47E+07,0.37506,0.29085,0.36721,0.36757721,10436,1,0.27899,0.27871101,5/9/2018,19,-2402.440021,-2417.619961
XRP,18/9/2018,0.2706,0.337,0.269,0.31897,1.62E+08,0.337,0.269,0.31898,0.31929898,10468,1,0.38319,0.38280681,11/10/2018,23,2012.97887,1988.976914
XRP,16/10/2018,0.46183,0.48896,0.45554,0.48352,1.27E+08,0.48896,0.45554,0.48352,0.48400352,10496,1,0.44554,0.44509446,29/10/2018,13,-785.4897419,-803.9003518
XRP,4/11/2018,0.45706,0.47959,0.44955,0.46999,5.07E+07,0.47959,0.44955,0.46999,0.47045999,10515,1,0.49713,0.49663287,8/11/2018,4,577.4590949,556.3253105
XRP,24/12/2018,0.36691,0.45,0.36665,0.40092,3.09E+08,0.45,0.36665,0.40075,0.40115075,10565,1,0.3337,0.3333663,27/12/2018,3,-1673.112913,-1689.75005
XRP,20/2/2019,0.3225,0.33476,0.3166,0.3315,1.03E+08,0.33476,0.3166,0.33139,0.33172139,10623,1,0.29757,0.29727243,24/2/2019,4,-1020.549805,-1038.490765
XRP,2/4/2019,0.31249,0.35571,0.3115,0.3505,2.55E+08,0.35571,0.3115,0.3505,0.3508505,10664,1,0.3271,0.3267729,11/4/2019,9,-667.617689,-686.2638075
XRP,13/5/2019,0.31014,0.329,0.30785,0.32409,1.35E+08,0.329,0.30785,0.32385,0.32417385,10705,1,0.38858,0.38819142,17/5/2019,4,1998.76486,1974.791304
XRP,27/5/2019,0.40364,0.44645,0.399,0.43331,1.98E+08,0.44645,0.399,0.4334,0.4338334,10719,1,0.41739,0.41697261,3/6/2019,7,-369.404707,-388.6466556
XRP,16/6/2019,0.40949,0.44098,0.40583,0.42703,1.80E+08,0.44098,0.40583,0.42701,0.42743701,10739,1,0.47714,0.47666286,22/6/2019,6,1173.97719,1151.651561
XRP,22/6/2019,0.44262,0.50999,0.43752,0.47729,3.48E+08,0.50999,0.43752,0.47714,0.47761714,10745,1,0.41061,0.41019939,27/6/2019,5,-1394.349667,-1411.543773
XRP,18/9/2019,0.28553,0.32631,0.28493,0.31344,3.01E+08,0.32631,0.28493,0.31344,0.31375344,10833,1,0.27656,0.27628344,22/9/2019,4,-1176.620725,-1194.249854
XRP,7/10/2019,0.25551,0.28114,0.25333,0.27592,2.11E+08,0.28114,0.25333,0.27584,0.27611584,10852,1,0.29722,0.29692278,14/10/2019,7,775.087007,753.5583616
XRP,14/10/2019,0.27729,0.29779,0.27641,0.29727,1.52E+08,0.29779,0.27641,0.29722,0.29751722,10859,1,0.27307,0.27279693,23/10/2019,9,-812.5294395,-830.886024
XRP,6/11/2019,0.30062,0.31367,0.2961,0.31009,1.08E+08,0.31367,0.2961,0.31016,0.31047016,10882,1,0.29068,0.29038932,7/11/2019,1,-628.0629353,-646.7880842
XRP,29/11/2019,0.22312,0.23229,0.22245,0.22998,6.00E+07,0.23229,0.22245,0.22997,0.23019997,10905,1,0.21904,0.21882096,2/12/2019,3,-475.2793843,-494.3097951
XRP,6/1/2020,0.19453,0.22396,0.19421,0.2231,2.34E+08,0.22396,0.19421,0.2231,0.2233231,10943,1,0.23455,0.23431545,14/1/2020,8,513.2227701,492.21733
XRP,14/1/2020,0.21134,0.24526,0.21134,0.23464,3.01E+08,0.24526,0.21134,0.23455,0.23478455,10951,1,0.25094,0.25068906,2/2/2020,19,698.7849073,677.4087136
XRP,2/2/2020,0.24146,0.26163,0.2355,0.25093,2.20E+08,0.26163,0.2355,0.25094,0.25119094,10970,1,0.30427,0.30396573,12/2/2020,10,2125.209213,2100.983021
XRP,12/2/2020,0.28092,0.309,0.28091,0.30427,3.59E+08,0.309,0.28091,0.30427,0.30457427,10980,1,0.29248,0.29218752,16/2/2020,4,-387.4847997,-406.6906243
XRP,28/4/2020,0.1975,0.21806,0.19459,0.21416,2.45E+08,0.21806,0.19459,0.21415,0.21436415,11056,1,0.19708,0.19688292,10/5/2020,12,-797.1048331,-815.492236
XRP,6/7/2020,0.17691,0.18934,0.17644,0.18875,1.80E+08,0.18934,0.17644,0.18876,0.18894876,11125,1,0.20847,0.20826153,23/7/2020,17,1044.18309,1022.11679
XRP,23/7/2020,0.20351,0.21584,0.20142,0.20851,2.32E+08,0.21584,0.20142,0.20847,0.20867847,11142,1,0.22445,0.22422555,27/7/2020,4,766.5371516,745.0255889
XRP,27/7/2020,0.21528,0.23,0.20861,0.22437,3.58E+08,0.23,0.20861,0.22445,0.22467445,11146,1,0.28308,0.28279692,11/8/2020,15,2612.163065,2586.963938
XRP,17/8/2020,0.3046,0.32689,0.29702,0.31539,5.98E+08,0.32689,0.29702,0.31535,0.31566535,11167,1,0.28969,0.28940031,19/8/2020,2,-813.6990645,-832.0533122
XRP,4/10/2020,0.23274,0.25024,0.23159,0.24794,1.57E+08,0.25024,0.23159,0.24794,0.24818794,11215,1,0.24549,0.24524451,6/10/2020,2,-98.81422925,-118.5968182
XRP,21/10/2020,0.24324,0.25555,0.24249,0.25088,2.13E+08,0.25555,0.24249,0.2508,0.2510508,11232,1,0.24811,0.24786189,26/10/2020,5,-107.2567783,-127.022499
XRP,5/11/2020,0.23759,0.24743,0.23712,0.24561,2.21E+08,0.24743,0.23712,0.24569,0.24593569,11247,1,0.26587,0.26560413,13/11/2020,8,821.3602507,799.7391513
XRP,13/11/2020,0.2549,0.2659,0.2535,0.2659,1.93E+08,0.2659,0.2535,0.26587,0.26613587,11255,1,0.53649,0.53595351,26/11/2020,13,10178.65874,10138.34174
XRP,30/11/2020,0.60543,0.6791,0.59881,0.66417,1.18E+09,0.6791,0.59881,0.66378,0.66444378,11272,1,0.55355,0.55299645,4/12/2020,4,-1660.640574,-1677.30263
XRP,7/1/2021,0.24856,0.37,0.2453,0.32389,3.86E+09,0.37,0.2453,0.32389,0.32421389,11310,1,0.44369,0.44324631,30/1/2021,23,3698.786625,3671.416422
XRP,30/1/2021,0.2829,0.5178,0.278,0.44372,5.87E+09,0.5178,0.278,0.44369,0.44413369,11333,1,0.52824,0.52771176,11/2/2021,12,1905.609773,1881.82234
XRP,11/2/2021,0.50422,0.53545,0.49982,0.52806,9.61E+08,0.53545,0.49982,0.52824,0.52876824,11345,1,0.5198,0.5192802,16/2/2021,5,-159.7758595,-179.436647
XRP,2/4/2021,0.57061,0.61,0.56522,0.60701,8.00E+08,0.61,0.56522,0.60701,0.60761701,11395,1,1.37215,1.37077785,10/4/2021,8,12605.06417,12559.8992
XRP,10/4/2021,1.01754,1.399,1.00617,1.3728,2.71E+09,1.399,1.00617,1.37215,1.37352215,11403,1,1.40797,1.40656203,18/4/2021,8,261.0501767,240.548578
XRP,18/5/2021,1.4952,1.705,1.4698,1.5889,1.81E+09,1.705,1.4698,1.5893,1.5908893,11441,1,1.0565,1.0554435,19/5/2021,1,-3352.419304,-3365.701184
XRP,29/6/2021,0.6444,0.734,0.6417,0.7063,7.18E+08,0.734,0.6417,0.7062,0.7069062,11483,1,0.6214,0.6207786,8/7/2021,9,-1200.792976,-1218.37381
XRP,7/8/2021,0.7474,0.8189,0.7411,0.8162,5.90E+08,0.8189,0.7411,0.8163,0.8171163,11522,1,1.3894,1.3880106,6/9/2021,30,7020.703173,6986.695774
XRP,6/9/2021,1.3075,1.4151,1.3065,1.3894,7.11E+08,1.4151,1.3065,1.3894,1.3907894,11552,1,1.129,1.127871,7/9/2021,1,-1874.190298,-1890.425682
XRP,3/10/2021,1.0359,1.0884,1.021,1.0552,4.10E+08,1.0884,1.021,1.0552,1.0562552,11579,1,1.1604,1.1592396,9/10/2021,6,996.9673995,974.9954367
XRP,9/10/2021,1.0636,1.2089,1.0565,1.1604,6.78E+08,1.2089,1.0565,1.1604,1.1615604,11585,1,0.9951,0.9941049,27/10/2021,18,-1424.50879,-1441.642639
XRP,2/11/2021,1.0916,1.1468,1.0851,1.1349,3.98E+08,1.1468,1.0851,1.1348,1.1359348,11609,1,1.2815,1.2802185,8/11/2021,6,1292.738809,1270.175894
XRP,8/11/2021,1.2198,1.296,1.2192,1.2815,6.06E+08,1.296,1.2192,1.2815,1.2827815,11615,1,1.1902,1.1890098,10/11/2021,2,-712.4463519,-731.0029027
XRP,21/12/2021,0.8799,0.961,0.8527,0.9467,4.71E+08,0.961,0.8527,0.9466,0.9475466,11658,1,0.9114,0.9104886,24/12/2021,3,-371.857173,-391.0942216
XRP,4/2/2022,0.6101,0.6589,0.6044,0.6555,2.64E+08,0.6589,0.6044,0.6557,0.6563557,11703,1,0.759,0.758241,11/2/2022,7,1575.415586,1552.287883
XRP,15/2/2022,0.8012,0.8599,0.7961,0.8515,2.79E+08,0.8599,0.7961,0.8514,0.8522514,11714,1,0.7689,0.7681311,17/2/2022,2,-968.9922481,-987.0362196
XRP,11/3/2022,0.7361,0.814,0.725,0.8029,5.27E+08,0.814,0.725,0.8028,0.8036028,11738,1,0.8195,0.8186805,19/3/2022,8,208.0219233,187.6262751
XRP,19/3/2022,0.7964,0.8268,0.7915,0.8194,2.49E+08,0.8268,0.7915,0.8195,0.8203195,11746,1,0.8579,0.8570421,27/3/2022,8,468.5784015,447.6621609
XRP,27/3/2022,0.8326,0.8582,0.8275,0.858,1.99E+08,0.8582,0.8275,0.8579,0.8587579,11754,1,0.8149,0.8140851,31/3/2022,4,-501.2239189,-520.2024925
XRP,15/4/2022,0.7262,0.7975,0.7261,0.7858,4.40E+08,0.7975,0.7261,0.7859,0.7866859,11773,1,0.7178,0.7170822,22/4/2022,7,-866.5224583,-884.7711647
XRP,4/5/2022,0.6047,0.65,0.6039,0.6459,3.46E+08,0.65,0.6039,0.646,0.646646,11792,1,0.5981,0.5975019,5/5/2022,1,-741.4860681,-759.9845974
XRP,24/6/2022,0.3357,0.3871,0.3348,0.3672,6.10E+08,0.3871,0.3348,0.3672,0.3675672,11843,1,0.3296,0.3292704,29/6/2022,5,-1023.965142,-1041.899277
XRP,7/7/2022,0.3324,0.3456,0.3269,0.3422,2.61E+08,0.3456,0.3269,0.3423,0.3426423,11856,1,0.3256,0.3252744,10/7/2022,3,-487.876132,-506.8813745
XRP,5/10/2022,0.4795,0.502,0.4716,0.4887,5.83E+08,0.502,0.4716,0.4888,0.4892888,11946,1,0.4791,0.4786209,13/10/2022,8,-198.4451718,-218.028698
XRP,4/11/2022,0.4548,0.5078,0.4532,0.5064,5.62E+08,0.5078,0.4532,0.5063,0.5068063,11976,1,0.4059,0.4054941,8/11/2022,4,-1983.014023,-1999.031977
XRP,20/1/2023,0.3929,0.4141,0.3859,0.4129,3.66E+08,0.4141,0.3859,0.4129,0.4133129,12053,1,0.3933,0.3929067,30/1/2023,10,-474.6912085,-493.7227945
XRP,17/3/2023,0.3648,0.3825,0.362,0.3798,4.06E+08,0.3825,0.362,0.3797,0.3800797,12109,1,0.3734,0.3730266,20/3/2023,3,-165.9204635,-185.5689741
XRP,28/3/2023,0.4789,0.534,0.4666,0.5144,1.13E+09,0.534,0.4666,0.5145,0.5150145,12120,1,0.5095,0.5089905,1/4/2023,4,-97.18172983,-116.9675805
XRP,18/4/2023,0.511,0.5391,0.5092,0.5324,3.58E+08,0.5391,0.5092,0.5325,0.5330325,12141,1,0.4911,0.4906089,19/4/2023,1,-777.4647887,-795.8914325
XRP,28/4/2023,0.4666,0.483,0.4637,0.4796,3.85E+08,0.483,0.4637,0.4795,0.4799795,12151,1,0.4633,0.4628367,3/5/2023,5,-337.8519291,-357.1569202
XRP,18/5/2023,0.4485,0.473,0.443,0.4596,4.20E+08,0.473,0.443,0.4597,0.4601597,12171,1,0.482,0.481518,28/5/2023,10,485.0989776,464.1497289
XRP,28/5/2023,0.4714,0.4863,0.4699,0.482,1.67E+08,0.4863,0.4699,0.482,0.482482,12181,1,0.5359,0.5353641,4/6/2023,7,1118.257261,1096.042961
XRP,4/6/2023,0.5188,0.547,0.5151,0.5359,2.50E+08,0.547,0.5151,0.5359,0.5364359,12188,1,0.5089,0.5083911,5/6/2023,1,-503.8253405,-522.7987165
XRP,13/7/2023,0.471,0.938,0.4695,0.8153,2.50E+09,0.938,0.4695,0.8151,0.8159151,12227,1,,,,,,
